ba,year,detector,hours,seconds,tp,fp,fn,tn,precision,recall,f1,mcc,flagged,labelled,precision_adj,f1_adj,raw_fault_readings,recall_spike,recall_dip,recall_zero,recall_stuck,recall_scale
PJM,2023,sentinel_v3,8735,3.858026900095865,46,2,1,8685,0.9583333333333334,0.9787234042553191,0.968421052631579,0.9683026254498459,48,47,0.9583333333333334,0.968421052631579,0,1.0,0.75,1.0,1.0,1.0
PJM,2023,sentinel_v3_distance_neighbors,8735,1.8437119000591338,46,2,1,8685,0.9583333333333334,0.9787234042553191,0.968421052631579,0.9683026254498459,48,47,0.9583333333333334,0.968421052631579,0,1.0,0.75,1.0,1.0,1.0
PJM,2023,sentinel_v3_profile_neighbors,8735,3.7509094000561163,46,2,1,8685,0.9583333333333334,0.9787234042553191,0.968421052631579,0.9683026254498459,48,47,0.9583333333333334,0.968421052631579,0,1.0,0.75,1.0,1.0,1.0
PJM,2023,sentinel_v3_profile_weather,8735,1.627777099958621,46,2,1,8685,0.9583333333333334,0.9787234042553191,0.968421052631579,0.9683026254498459,48,47,0.9583333333333334,0.968421052631579,0,1.0,0.75,1.0,1.0,1.0
PJM,2023,sentinel_v3_regime_only,8735,3.8092822999460623,47,2,1,8684,0.9591836734693877,0.9791666666666666,0.9690721649484536,0.9689515504458492,49,47,0.9591836734693877,0.9690721649484536,0,1.0,0.75,1.0,1.0,1.0
PJM,2023,sentinel_v3_forgetting,8735,3.8904088000999764,37,4,8,8683,0.9024390243902439,0.8222222222222222,0.8604651162790697,0.8607168286577531,41,47,0.9024390243902439,0.8604651162790697,0,1.0,1.0,1.0,1.0,0.7575757575757576
PJM,2023,sentinel_v2,8735,1.5058172999415547,47,3,1,8683,0.94,0.9791666666666666,0.9591836734693877,0.9591555091888502,50,47,0.94,0.9591836734693877,0,1.0,0.75,1.0,1.0,1.0
PJM,2023,profile_residual,8735,1.3854302000254393,42,89,5,8599,0.32061068702290074,0.8936170212765957,0.47191011235955055,0.5317005513780065,131,47,0.32061068702290074,0.47191011235955055,0,1.0,1.0,1.0,0.0,1.0
PJM,2023,modified_zscore,8735,0.5211044000461698,42,20,5,8668,0.6774193548387096,0.8936170212765957,0.7706422018348622,0.7767111332520792,62,47,0.6774193548387096,0.7706422018348622,0,1.0,1.0,1.0,0.0,1.0
PJM,2023,relative_deviation,8735,0.02301100001204759,21,9,32,8671,0.7,0.39622641509433965,0.5060240963855422,0.5245756517595657,30,47,0.7,0.5060240963855422,0,1.0,1.0,1.0,0.0,0.18181818181818182
PJM,2023,teda_level,8735,0.07520820002537221,39,0,8,8688,1.0,0.8297872340425532,0.9069767441860465,0.9105074740616811,39,47,1.0,0.9069767441860465,0,0.5,0.5,1.0,0.0,1.0
PJM,2023,teda_level_robust,8735,0.07608239992987365,41,17,6,8671,0.7068965517241379,0.8723404255319149,0.780952380952381,0.7840085350475657,58,47,0.7068965517241379,0.780952380952381,0,1.0,0.75,1.0,0.0,1.0
PJM,2023,teda_diff,8735,0.07629200001247227,11,5,33,8681,0.6875,0.25,0.36666666666666664,0.41295844320359715,16,47,0.6875,0.36666666666666664,0,1.0,0.75,1.0,0.0,0.18181818181818182
PJM,2023,autoencoder,8735,0.3012056000297889,60,14,5,8656,0.8108108108108109,0.9230769230769231,0.8633093525179857,0.8640599053831615,74,47,0.8108108108108109,0.8633093525179857,0,1.0,1.0,1.0,0.0,1.0
PJM,2023,stuck_rule,8735,0.06585250003263354,4,0,42,8688,1.0,0.08695652173913043,0.16,0.29417371434556,4,47,1.0,0.16,0,0.0,0.0,0.0,1.0,0.0
PJM,2023,rolling_zscore,8735,0.0294321000110358,9,2,38,8686,0.8181818181818182,0.19148936170212766,0.31034482758620685,0.3945271598927431,11,47,0.8181818181818182,0.31034482758620685,0,1.0,1.0,1.0,0.0,0.0
PJM,2023,hampel,8735,0.02723170001991093,13,155,34,8531,0.07738095238095238,0.2765957446808511,0.12093023255813953,0.13782323770633353,168,47,0.07738095238095238,0.12093023255813953,0,1.0,1.0,1.0,0.0,0.12121212121212122
PJM,2023,iqr,8735,0.011986700003035367,42,311,5,8377,0.11898016997167139,0.8936170212765957,0.21,0.3186721314392556,353,47,0.11898016997167139,0.21,0,1.0,1.0,1.0,0.0,1.0
PJM,2023,sentinel_v3_legacy,8735,0.3121612999821082,47,2,1,8685,0.9591836734693877,0.9791666666666666,0.9690721649484536,0.9689515702598237,49,47,0.9591836734693877,0.9690721649484536,0,1.0,0.75,1.0,1.0,1.0
PJM,2023,sentinel_v2_legacy,8735,0.18856849998701364,48,3,1,8683,0.9411764705882353,0.9795918367346939,0.96,0.9599640390983999,51,47,0.9411764705882353,0.96,0,1.0,0.75,1.0,1.0,1.0
PJM,2023,sentinel_v1_legacy,8735,0.06181560002733022,48,5,1,8681,0.9056603773584906,0.9795918367346939,0.9411764705882353,0.9415643447026429,53,47,0.9056603773584906,0.9411764705882353,0,1.0,0.75,1.0,1.0,1.0
PJM,2024,sentinel_v3,8737,3.8028713000239804,50,1,1,8685,0.9803921568627451,0.9803921568627451,0.9803921568627451,0.9802770290708962,51,50,0.9803921568627451,0.9803921568627451,0,,0.5,,,1.0
PJM,2024,sentinel_v3_distance_neighbors,8737,1.779816300026141,49,1,1,8686,0.98,0.98,0.98,0.9798848854610337,50,50,0.98,0.98,0,,0.5,,,1.0
PJM,2024,sentinel_v3_profile_neighbors,8737,3.6766873999731615,49,1,1,8686,0.98,0.98,0.98,0.9798848854610337,50,50,0.98,0.98,0,,0.5,,,1.0
PJM,2024,sentinel_v3_profile_weather,8737,1.618899599998258,49,1,1,8686,0.98,0.98,0.98,0.9798848854610337,50,50,0.98,0.98,0,,0.5,,,1.0
PJM,2024,sentinel_v3_regime_only,8737,3.7886460999725387,50,1,1,8685,0.9803921568627451,0.9803921568627451,0.9803921568627451,0.9802770290708962,51,50,0.9803921568627451,0.9803921568627451,0,,0.5,,,1.0
PJM,2024,sentinel_v3_forgetting,8737,3.815452600014396,51,2,0,8684,0.9622641509433962,1.0,0.9807692307692307,0.980837695161462,53,50,0.9622641509433962,0.9807692307692307,0,,1.0,,,1.0
PJM,2024,sentinel_v2,8737,1.484704300062731,49,1,2,8685,0.98,0.9607843137254902,0.9702970297029702,0.9701724734469086,50,50,0.98,0.9702970297029702,0,,0.0,,,1.0
PJM,2024,profile_residual,8737,1.3699859000043944,50,182,0,8505,0.21551724137931033,1.0,0.3546099290780142,0.45934951053095713,232,50,0.21551724137931033,0.3546099290780142,0,,1.0,,,1.0
PJM,2024,modified_zscore,8737,0.5127630999777466,49,23,1,8664,0.6805555555555556,0.98,0.8032786885245902,0.8154935861361691,72,50,0.6805555555555556,0.8032786885245902,0,,0.5,,,1.0
PJM,2024,relative_deviation,8737,0.01277010003104806,10,5,42,8678,0.6666666666666666,0.19230769230769232,0.29850746268656714,0.35622711462429457,15,50,0.6666666666666666,0.29850746268656714,0,,1.0,,,0.125
PJM,2024,teda_level,8737,0.0744820999680087,38,0,9,8687,1.0,0.8085106382978723,0.8941176470588235,0.898706772678517,38,50,1.0,0.8941176470588235,0,,0.0,,,0.8541666666666666
PJM,2024,teda_level_robust,8737,0.07580390002112836,49,0,1,8687,1.0,0.98,0.98989898989899,0.9898925197902287,49,50,1.0,0.98989898989899,0,,0.5,,,1.0
PJM,2024,teda_diff,8737,0.07692350004799664,2,6,47,8680,0.25,0.04081632653061224,0.07017543859649122,0.09907214711194476,8,50,0.25,0.07017543859649122,0,,0.0,,,0.0625
PJM,2024,autoencoder,8737,0.30065980006475,53,7,1,8674,0.8833333333333333,0.9814814814814815,0.9298245614035088,0.9306717890788514,60,50,0.8833333333333333,0.9298245614035088,0,,1.0,,,0.9791666666666666
PJM,2024,stuck_rule,8737,0.06581139995250851,0,0,50,8687,0.0,0.0,0.0,0.0,0,50,0.0,0.0,0,,0.0,,,0.0
PJM,2024,rolling_zscore,8737,0.02912639989517629,2,4,48,8683,0.3333333333333333,0.04,0.07142857142857142,0.11385285520496488,6,50,0.3333333333333333,0.07142857142857142,0,,1.0,,,0.0
PJM,2024,hampel,8737,0.027220800053328276,4,110,45,8576,0.03508771929824561,0.08163265306122448,0.049079754601226995,0.045386645883727324,114,50,0.03508771929824561,0.049079754601226995,0,,1.0,,,0.0625
PJM,2024,iqr,8737,0.011088000028394163,50,264,0,8423,0.1592356687898089,1.0,0.2747252747252747,0.3929331480945348,314,50,0.1592356687898089,0.2747252747252747,0,,1.0,,,1.0
PJM,2024,sentinel_v3_legacy,8737,0.3090243999613449,50,1,1,8685,0.9803921568627451,0.9803921568627451,0.9803921568627451,0.9802770290708962,51,50,0.9803921568627451,0.9803921568627451,0,,0.5,,,1.0
PJM,2024,sentinel_v2_legacy,8737,0.19011150009464473,49,1,2,8685,0.98,0.9607843137254902,0.9702970297029702,0.9701724734469086,50,50,0.98,0.9702970297029702,0,,0.0,,,1.0
PJM,2024,sentinel_v1_legacy,8737,0.063150699948892,39,6,8,8680,0.8666666666666667,0.8297872340425532,0.8478260869565217,0.8472230114172901,45,50,0.8666666666666667,0.8478260869565217,0,,0.0,,,0.875
MISO,2023,sentinel_v3,8760,3.7459771999856457,47,0,1,8711,1.0,0.9791666666666666,0.9894736842105264,0.9894717145015273,47,47,1.0,0.9894736842105264,0,1.0,0.75,1.0,1.0,1.0
MISO,2023,sentinel_v3_distance_neighbors,8760,1.8102236000122502,46,0,1,8712,1.0,0.9787234042553191,0.989247311827957,0.9892477319460349,46,47,1.0,0.989247311827957,0,1.0,0.75,1.0,1.0,1.0
MISO,2023,sentinel_v3_profile_neighbors,8760,3.593418600037694,46,0,1,8712,1.0,0.9787234042553191,0.989247311827957,0.9892477319460349,46,47,1.0,0.989247311827957,0,1.0,0.75,1.0,1.0,1.0
MISO,2023,sentinel_v3_profile_weather,8760,1.6089986999286339,46,0,1,8712,1.0,0.9787234042553191,0.989247311827957,0.9892477319460349,46,47,1.0,0.989247311827957,0,1.0,0.75,1.0,1.0,1.0
MISO,2023,sentinel_v3_regime_only,8760,3.7675087000243366,47,6,1,8705,0.8867924528301887,0.9791666666666666,0.9306930693069307,0.9314474811479662,53,47,0.8867924528301887,0.9306930693069307,0,1.0,0.75,1.0,1.0,1.0
MISO,2023,sentinel_v3_forgetting,8760,3.7463818000396714,45,0,1,8711,1.0,0.9782608695652174,0.989010989010989,0.9890139436167438,45,47,1.0,0.989010989010989,0,1.0,1.0,1.0,1.0,0.9696969696969697
MISO,2023,sentinel_v2,8760,1.490488100098446,47,7,1,8704,0.8703703703703703,0.9791666666666666,0.9215686274509804,0.922727397286691,54,47,0.8703703703703703,0.9215686274509804,0,1.0,0.75,1.0,1.0,1.0
MISO,2023,profile_residual,8760,1.373098099953495,42,112,5,8601,0.2727272727272727,0.8936170212765957,0.417910447761194,0.48958787304570345,154,47,0.2727272727272727,0.417910447761194,0,1.0,1.0,1.0,0.0,1.0
MISO,2023,modified_zscore,8760,0.5067664999514818,41,0,6,8713,1.0,0.8723404255319149,0.9318181818181819,0.9336702428866775,41,47,1.0,0.9318181818181819,0,1.0,0.75,1.0,0.0,1.0
MISO,2023,relative_deviation,8760,0.009819299913942814,22,8,32,8696,0.7333333333333333,0.4074074074074074,0.5238095238095238,0.5446109433557806,30,47,0.7333333333333333,0.5238095238095238,0,1.0,1.0,1.0,0.0,0.18181818181818182
MISO,2023,teda_level,8760,0.07026899990160018,40,10,7,8703,0.8,0.851063829787234,0.8247422680412372,0.8241661483831698,50,47,0.8,0.8247422680412372,0,1.0,0.5,1.0,0.0,1.0
MISO,2023,teda_level_robust,8760,0.07257269998081028,41,20,6,8693,0.6721311475409836,0.8723404255319149,0.7592592592592592,0.7643194669365897,61,47,0.6721311475409836,0.7592592592592592,0,1.0,0.75,1.0,0.0,1.0
MISO,2023,teda_diff,8760,0.07120820006821305,11,3,33,8708,0.7857142857142857,0.25,0.37931034482758624,0.44183192488606565,14,47,0.7857142857142857,0.37931034482758624,0,1.0,0.75,1.0,0.0,0.18181818181818182
MISO,2023,autoencoder,8760,0.30055499996524304,58,9,5,8688,0.8656716417910447,0.9206349206349206,0.8923076923076922,0.8919320493009172,67,47,0.8656716417910447,0.8923076923076922,0,1.0,1.0,1.0,0.0,1.0
MISO,2023,stuck_rule,8760,0.06123719993047416,4,0,42,8713,1.0,0.08695652173913043,0.16,0.2941757447647344,4,47,1.0,0.16,0,0.0,0.0,0.0,1.0,0.0
MISO,2023,rolling_zscore,8760,0.028462499962188303,9,2,38,8711,0.8181818181818182,0.19148936170212766,0.31034482758620685,0.39453085806430827,11,47,0.8181818181818182,0.31034482758620685,0,1.0,1.0,1.0,0.0,0.0
MISO,2023,hampel,8760,0.023170100059360266,17,189,32,8519,0.0825242718446602,0.3469387755102041,0.13333333333333333,0.16007072884464346,206,47,0.0825242718446602,0.13333333333333333,0,1.0,1.0,1.0,0.2,0.15151515151515152
MISO,2023,iqr,8760,0.009028199943713844,43,450,5,8262,0.0872210953346856,0.8958333333333334,0.15896487985212568,0.27040667573723354,493,47,0.0872210953346856,0.15896487985212568,0,1.0,1.0,1.0,0.0,1.0
MISO,2023,sentinel_v3_legacy,8760,0.2974590000230819,48,0,1,8711,1.0,0.9795918367346939,0.9896907216494846,0.9896865135303252,48,47,1.0,0.9896907216494846,0,1.0,0.75,1.0,1.0,1.0
MISO,2023,sentinel_v2_legacy,8760,0.1915199999930337,48,7,1,8704,0.8727272727272727,0.9795918367346939,0.923076923076923,0.9241768037752561,55,47,0.8727272727272727,0.923076923076923,0,1.0,0.75,1.0,1.0,1.0
MISO,2023,sentinel_v1_legacy,8760,0.062432699953205884,48,13,1,8698,0.7868852459016393,0.9795918367346939,0.8727272727272727,0.8772340647827684,61,47,0.7868852459016393,0.8727272727272727,0,1.0,0.75,1.0,1.0,1.0
MISO,2024,sentinel_v3,8760,3.717674099956639,51,0,0,8708,1.0,1.0,1.0,1.0,51,50,1.0,1.0,0,,1.0,,,1.0
MISO,2024,sentinel_v3_distance_neighbors,8760,1.7846127999946475,50,0,1,8709,1.0,0.9803921568627451,0.99009900990099,0.9900907016469122,50,50,1.0,0.99009900990099,0,,0.5,,,1.0
MISO,2024,sentinel_v3_profile_neighbors,8760,3.7372004999779165,50,0,1,8709,1.0,0.9803921568627451,0.99009900990099,0.9900907016469122,50,50,1.0,0.99009900990099,0,,0.5,,,1.0
MISO,2024,sentinel_v3_profile_weather,8760,1.6256513999542221,50,0,1,8709,1.0,0.9803921568627451,0.99009900990099,0.9900907016469122,50,50,1.0,0.99009900990099,0,,0.5,,,1.0
MISO,2024,sentinel_v3_regime_only,8760,3.81755069992505,51,0,0,8708,1.0,1.0,1.0,1.0,51,50,1.0,1.0,0,,1.0,,,1.0
MISO,2024,sentinel_v3_forgetting,8760,3.790735900052823,51,0,0,8709,1.0,1.0,1.0,1.0,51,50,1.0,1.0,0,,1.0,,,1.0
MISO,2024,sentinel_v2,8760,1.4939090999541804,51,1,0,8707,0.9807692307692307,1.0,0.9902912621359222,0.9902810723426978,52,50,0.9807692307692307,0.9902912621359222,0,,1.0,,,1.0
MISO,2024,profile_residual,8760,1.3766135999467224,50,227,0,8483,0.18050541516245489,1.0,0.30581039755351686,0.41928639787974226,277,50,0.18050541516245489,0.30581039755351686,0,,1.0,,,1.0
MISO,2024,modified_zscore,8760,0.5150980000616983,49,0,1,8710,1.0,0.98,0.98989898989899,0.9898926702249253,49,50,1.0,0.98989898989899,0,,0.5,,,1.0
MISO,2024,relative_deviation,8760,0.009971599909476936,10,4,42,8702,0.7142857142857143,0.19230769230769232,0.30303030303030304,0.3689348899654043,14,50,0.7142857142857143,0.30303030303030304,0,,1.0,,,0.125
MISO,2024,teda_level,8760,0.07211619999725372,39,0,8,8710,1.0,0.8297872340425532,0.9069767441860465,0.9105085319242686,39,50,1.0,0.9069767441860465,0,,0.0,,,0.875
MISO,2024,teda_level_robust,8760,0.07324909989256412,49,0,1,8710,1.0,0.98,0.98989898989899,0.9898926702249253,49,50,1.0,0.98989898989899,0,,0.5,,,1.0
MISO,2024,teda_diff,8760,0.07275000005029142,3,3,46,8705,0.5,0.061224489795918366,0.1090909090909091,0.17355106259363412,6,50,0.5,0.1090909090909091,0,,0.5,,,0.0625
MISO,2024,autoencoder,8760,0.30112580000422895,56,5,0,8699,0.9180327868852459,1.0,0.9572649572649572,0.957865034491221,61,50,0.9180327868852459,0.9572649572649572,0,,1.0,,,1.0
MISO,2024,stuck_rule,8760,0.062248599948361516,0,0,50,8710,0.0,0.0,0.0,0.0,0,50,0.0,0.0,0,,0.0,,,0.0
MISO,2024,rolling_zscore,8760,0.031908500008285046,1,0,49,8710,1.0,0.02,0.0392156862745098,0.14102522852890656,1,50,1.0,0.0392156862745098,0,,0.5,,,0.0
MISO,2024,hampel,8760,0.02416639996226877,4,186,46,8522,0.021052631578947368,0.08,0.03333333333333333,0.030326625903075013,190,50,0.021052631578947368,0.03333333333333333,0,,0.5,,,0.0625
MISO,2024,iqr,8760,0.009663400007411838,49,312,1,8398,0.13573407202216067,0.98,0.23844282238442824,0.3578335631432921,361,50,0.13573407202216067,0.23844282238442824,0,,0.5,,,1.0
MISO,2024,sentinel_v3_legacy,8760,0.29644229996483773,51,0,0,8708,1.0,1.0,1.0,1.0,51,50,1.0,1.0,0,,1.0,,,1.0
MISO,2024,sentinel_v2_legacy,8760,0.18820500001311302,51,1,0,8707,0.9807692307692307,1.0,0.9902912621359222,0.9902810723426978,52,50,0.9807692307692307,0.9902912621359222,0,,1.0,,,1.0
MISO,2024,sentinel_v1_legacy,8760,0.06314730003941804,41,3,6,8705,0.9318181818181818,0.8723404255319149,0.9010989010989012,0.9010777051571852,44,50,0.9318181818181818,0.9010989010989012,0,,0.5,,,0.8958333333333334
ERCO,2023,sentinel_v3,8759,1.7679726000642404,46,2,1,8709,0.9583333333333334,0.9787234042553191,0.968421052631579,0.968303099587066,48,47,0.9583333333333334,0.968421052631579,0,1.0,0.75,1.0,1.0,1.0
ERCO,2023,sentinel_v3_distance_neighbors,8759,1.7646091999486089,46,2,1,8709,0.9583333333333334,0.9787234042553191,0.968421052631579,0.968303099587066,48,47,0.9583333333333334,0.968421052631579,0,1.0,0.75,1.0,1.0,1.0
ERCO,2023,sentinel_v3_profile_neighbors,8759,1.6329845999134704,47,5,1,8705,0.9038461538461539,0.9791666666666666,0.9400000000000001,0.9404173359868738,52,47,0.9038461538461539,0.9400000000000001,0,1.0,0.75,1.0,1.0,1.0
ERCO,2023,sentinel_v3_profile_weather,8759,1.5801247999770567,46,2,1,8709,0.9583333333333334,0.9787234042553191,0.968421052631579,0.968303099587066,48,47,0.9583333333333334,0.968421052631579,0,1.0,0.75,1.0,1.0,1.0
ERCO,2023,sentinel_v3_regime_only,8759,1.7636475999606773,47,5,1,8705,0.9038461538461539,0.9791666666666666,0.9400000000000001,0.9404173359868738,52,47,0.9038461538461539,0.9400000000000001,0,1.0,0.75,1.0,1.0,1.0
ERCO,2023,sentinel_v3_forgetting,8759,1.783381599932909,47,2,0,8709,0.9591836734693877,1.0,0.9791666666666666,0.9792667920025963,49,47,0.9591836734693877,0.9791666666666666,0,1.0,1.0,1.0,1.0,1.0
ERCO,2023,sentinel_v2,8759,1.4660226000705734,47,5,1,8705,0.9038461538461539,0.9791666666666666,0.9400000000000001,0.9404173359868738,52,47,0.9038461538461539,0.9400000000000001,0,1.0,0.75,1.0,1.0,1.0
ERCO,2023,profile_residual,8759,1.353906900039874,41,209,6,8503,0.164,0.8723404255319149,0.2760942760942761,0.37219790982451867,250,47,0.164,0.2760942760942761,0,1.0,0.75,1.0,0.0,1.0
ERCO,2023,modified_zscore,8759,0.5080777000403032,41,73,6,8639,0.35964912280701755,0.8723404255319149,0.5093167701863355,0.5568871106049024,114,47,0.35964912280701755,0.5093167701863355,0,1.0,0.75,1.0,0.0,1.0
ERCO,2023,relative_deviation,8759,0.007523500011302531,22,8,32,8695,0.7333333333333333,0.4074074074074074,0.5238095238095238,0.5446107158243058,30,47,0.7333333333333333,0.5238095238095238,0,1.0,1.0,1.0,0.0,0.18181818181818182
ERCO,2023,teda_level,8759,0.059529900085181,38,3,9,8709,0.926829268292683,0.8085106382978723,0.8636363636363636,0.864984311581462,41,47,0.926829268292683,0.8636363636363636,0,0.5,0.25,1.0,0.0,1.0
ERCO,2023,teda_level_robust,8759,0.05831679992843419,40,11,8,8700,0.7843137254901961,0.8333333333333334,0.8080808080808081,0.8073660526731687,51,47,0.7843137254901961,0.8080808080808081,0,0.5,0.5,1.0,0.0,1.0
ERCO,2023,teda_diff,8759,0.058264999999664724,14,4,24,8706,0.7777777777777778,0.3684210526315789,0.5,0.5340233518539189,18,47,0.7777777777777778,0.5,0,1.0,0.75,1.0,0.0,0.45454545454545453
ERCO,2023,autoencoder,8759,0.29474659997504205,59,8,5,8687,0.8805970149253731,0.921875,0.9007633587786259,0.9002557367356545,67,47,0.8805970149253731,0.9007633587786259,0,1.0,1.0,1.0,0.0,1.0
ERCO,2023,stuck_rule,8759,0.049917700001969934,4,0,42,8712,1.0,0.08695652173913043,0.16,0.2941756637709,4,47,1.0,0.16,0,0.0,0.0,0.0,1.0,0.0
ERCO,2023,rolling_zscore,8759,0.021735599962994456,8,1,39,8711,0.8888888888888888,0.1702127659574468,0.2857142857142857,0.3878660271242887,9,47,0.8888888888888888,0.2857142857142857,0,1.0,0.75,1.0,0.0,0.0
ERCO,2023,hampel,8759,0.019199600093998015,11,133,36,8577,0.0763888888888889,0.23404255319148937,0.11518324607329844,0.12568769436829727,144,47,0.0763888888888889,0.11518324607329844,0,0.5,0.5,1.0,0.0,0.15151515151515152
ERCO,2023,iqr,8759,0.00596650002989918,39,318,8,8394,0.1092436974789916,0.8297872340425532,0.19306930693069305,0.29309750875301477,357,47,0.1092436974789916,0.19306930693069305,0,0.0,0.75,1.0,0.0,1.0
ERCO,2023,sentinel_v3_legacy,8759,0.24102259997744113,47,2,1,8709,0.9591836734693877,0.9791666666666666,0.9690721649484536,0.9689520444303887,49,47,0.9591836734693877,0.9690721649484536,0,1.0,0.75,1.0,1.0,1.0
ERCO,2023,sentinel_v2_legacy,8759,0.18933670001570135,48,5,1,8705,0.9056603773584906,0.9795918367346939,0.9411764705882353,0.941565272512485,53,47,0.9056603773584906,0.9411764705882353,0,1.0,0.75,1.0,1.0,1.0
ERCO,2023,sentinel_v1_legacy,8759,0.06250689993612468,48,7,1,8703,0.8727272727272727,0.9795918367346939,0.923076923076923,0.9241767532302192,55,47,0.8727272727272727,0.923076923076923,0,1.0,0.75,1.0,1.0,1.0
ERCO,2024,sentinel_v3,8783,1.793348899926059,42,3,5,8728,0.9333333333333333,0.8936170212765957,0.9130434782608695,0.9128036049571487,45,50,0.9333333333333333,0.9130434782608695,0,,1.0,,,0.8958333333333334
ERCO,2024,sentinel_v3_distance_neighbors,8783,1.7835696000838652,42,3,5,8728,0.9333333333333333,0.8936170212765957,0.9130434782608695,0.9128036049571487,45,50,0.9333333333333333,0.9130434782608695,0,,1.0,,,0.8958333333333334
ERCO,2024,sentinel_v3_profile_neighbors,8783,1.6684258000459522,42,3,5,8728,0.9333333333333333,0.8936170212765957,0.9130434782608695,0.9128036049571487,45,50,0.9333333333333333,0.9130434782608695,0,,1.0,,,0.8958333333333334
ERCO,2024,sentinel_v3_profile_weather,8783,1.6234579000156373,42,3,5,8728,0.9333333333333333,0.8936170212765957,0.9130434782608695,0.9128036049571487,45,50,0.9333333333333333,0.9130434782608695,0,,1.0,,,0.8958333333333334
ERCO,2024,sentinel_v3_regime_only,8783,1.8104218000080436,42,3,5,8728,0.9333333333333333,0.8936170212765957,0.9130434782608695,0.9128036049571487,45,50,0.9333333333333333,0.9130434782608695,0,,1.0,,,0.8958333333333334
ERCO,2024,sentinel_v3_forgetting,8783,1.8112656000303105,37,18,12,8714,0.6727272727272727,0.7551020408163265,0.7115384615384616,0.7110241949318612,55,50,0.6727272727272727,0.7115384615384616,0,,1.0,,,0.75
ERCO,2024,sentinel_v2,8783,1.5032670999644324,51,4,0,8727,0.9272727272727272,1.0,0.9622641509433962,0.9627294057551462,55,50,0.9272727272727272,0.9622641509433962,0,,1.0,,,1.0
ERCO,2024,profile_residual,8783,1.3761349000269547,50,210,0,8523,0.19230769230769232,1.0,0.32258064516129037,0.4332243335776084,260,50,0.19230769230769232,0.32258064516129037,0,,1.0,,,1.0
ERCO,2024,modified_zscore,8783,0.5305599999846891,49,5,1,8728,0.9074074074074074,0.98,0.9423076923076924,0.9426704235926097,54,50,0.9074074074074074,0.9423076923076924,0,,0.5,,,1.0
ERCO,2024,relative_deviation,8783,0.006487000035122037,10,4,42,8725,0.7142857142857143,0.19230769230769232,0.30303030303030304,0.36893933037430177,14,50,0.7142857142857143,0.30303030303030304,0,,1.0,,,0.125
ERCO,2024,teda_level,8783,0.05974439997226,39,3,8,8730,0.9285714285714286,0.8297872340425532,0.8764044943820225,0.877176345011899,42,50,0.9285714285714286,0.8764044943820225,0,,0.0,,,0.875
ERCO,2024,teda_level_robust,8783,0.05873329995665699,48,3,2,8730,0.9411764705882353,0.96,0.9504950495049505,0.950255908854972,51,50,0.9411764705882353,0.9504950495049505,0,,0.0,,,1.0
ERCO,2024,teda_diff,8783,0.05876819998957217,4,5,45,8726,0.4444444444444444,0.08163265306122448,0.13793103448275862,0.18870817794805966,9,50,0.4444444444444444,0.13793103448275862,0,,1.0,,,0.0625
ERCO,2024,autoencoder,8783,0.30161910003516823,46,3,3,8725,0.9387755102040817,0.9387755102040817,0.9387755102040817,0.938431788847528,49,50,0.9387755102040817,0.9387755102040817,0,,1.0,,,0.9375
ERCO,2024,stuck_rule,8783,0.04956960002891719,0,0,50,8733,0.0,0.0,0.0,0.0,0,50,0.0,0.0,0,,0.0,,,0.0
ERCO,2024,rolling_zscore,8783,0.027160500059835613,2,2,48,8731,0.5,0.04,0.07407407407407407,0.14024279038945744,4,50,0.5,0.07407407407407407,0,,1.0,,,0.0
ERCO,2024,hampel,8783,0.021001999964937568,4,99,45,8633,0.038834951456310676,0.08163265306122448,0.05263157894736842,0.0486352527336009,103,50,0.038834951456310676,0.05263157894736842,0,,1.0,,,0.0625
ERCO,2024,iqr,8783,0.0055689000291749835,49,106,1,8627,0.3161290322580645,0.98,0.47804878048780486,0.5530435265981205,155,50,0.3161290322580645,0.47804878048780486,0,,0.5,,,1.0
ERCO,2024,sentinel_v3_legacy,8783,0.2451864000177011,42,3,5,8728,0.9333333333333333,0.8936170212765957,0.9130434782608695,0.9128036049571487,45,50,0.9333333333333333,0.9130434782608695,0,,1.0,,,0.8958333333333334
ERCO,2024,sentinel_v2_legacy,8783,0.19175500003620982,51,4,0,8727,0.9272727272727272,1.0,0.9622641509433962,0.9627294057551462,55,50,0.9272727272727272,0.9622641509433962,0,,1.0,,,1.0
ERCO,2024,sentinel_v1_legacy,8783,0.06257619999814779,42,8,5,8723,0.84,0.8936170212765957,0.8659793814432989,0.8656542185348237,50,50,0.84,0.8659793814432989,0,,1.0,,,0.8958333333333334
CISO,2023,sentinel_v3,8757,3.889683699933812,47,0,1,8708,1.0,0.9791666666666666,0.9894736842105264,0.9894716949374963,47,47,1.0,0.9894736842105264,0,1.0,0.75,1.0,1.0,1.0
CISO,2023,sentinel_v3_distance_neighbors,8757,3.4711842000251636,48,0,0,8707,1.0,1.0,1.0,1.0,48,47,1.0,1.0,0,1.0,1.0,1.0,1.0,1.0
CISO,2023,sentinel_v3_profile_neighbors,8757,3.735982000012882,46,0,2,8708,1.0,0.9583333333333334,0.9787234042553191,0.9788326106924875,46,47,1.0,0.9787234042553191,0,0.5,0.75,1.0,1.0,1.0
CISO,2023,sentinel_v3_profile_weather,8757,1.6613211000803858,47,0,1,8708,1.0,0.9791666666666666,0.9894736842105264,0.9894716949374963,47,47,1.0,0.9894736842105264,0,1.0,0.75,1.0,1.0,1.0
CISO,2023,sentinel_v3_regime_only,8757,3.8332222999306396,48,0,0,8707,1.0,1.0,1.0,1.0,48,47,1.0,1.0,0,1.0,1.0,1.0,1.0,1.0
CISO,2023,sentinel_v3_forgetting,8757,3.8668658999959007,49,4,0,8703,0.9245283018867925,1.0,0.9607843137254902,0.9613030599862565,53,47,0.9245283018867925,0.9607843137254902,0,1.0,1.0,1.0,1.0,1.0
CISO,2023,sentinel_v2,8757,1.5309821999398991,48,0,0,8707,1.0,1.0,1.0,1.0,48,47,1.0,1.0,0,1.0,1.0,1.0,1.0,1.0
CISO,2023,profile_residual,8757,1.379861900000833,45,93,1,8617,0.32608695652173914,0.9782608695652174,0.4891304347826087,0.5616084755615091,138,47,0.32608695652173914,0.4891304347826087,0,1.0,1.0,1.0,0.8,1.0
CISO,2023,modified_zscore,8757,0.533191499998793,41,90,6,8620,0.31297709923664124,0.8723404255319149,0.4606741573033708,0.5188342810168153,131,47,0.31297709923664124,0.4606741573033708,0,1.0,0.75,1.0,0.0,1.0
CISO,2023,relative_deviation,8757,0.011402099975384772,23,9,32,8691,0.71875,0.41818181818181815,0.528735632183908,0.5461633069891606,32,47,0.71875,0.528735632183908,0,1.0,1.0,1.0,0.0,0.18181818181818182
CISO,2023,teda_level,8757,0.07249150006100535,40,0,7,8710,1.0,0.851063829787234,0.9195402298850576,0.922160724180652,40,47,1.0,0.9195402298850576,0,1.0,0.5,1.0,0.0,1.0
CISO,2023,teda_level_robust,8757,0.0747628000099212,41,108,6,8602,0.2751677852348993,0.8723404255319149,0.41836734693877553,0.48582777557681417,149,47,0.2751677852348993,0.41836734693877553,0,1.0,0.75,1.0,0.0,1.0
CISO,2023,teda_diff,8757,0.07547989999875426,16,0,21,8707,1.0,0.43243243243243246,0.6037735849056604,0.6568043685880738,16,47,1.0,0.6037735849056604,0,1.0,1.0,1.0,0.0,0.5151515151515151
CISO,2023,autoencoder,8757,0.3008373000193387,61,7,3,8685,0.8970588235294118,0.953125,0.9242424242424244,0.9240984340092208,68,47,0.8970588235294118,0.9242424242424244,0,1.0,1.0,1.0,0.4,1.0
CISO,2023,stuck_rule,8757,0.06466360006015748,4,0,42,8710,1.0,0.08695652173913043,0.16,0.2941755017276383,4,47,1.0,0.16,0,0.0,0.0,0.0,1.0,0.0
CISO,2023,rolling_zscore,8757,0.030945700011216104,9,0,38,8710,1.0,0.19148936170212766,0.32142857142857145,0.43664351665165024,9,47,1.0,0.32142857142857145,0,1.0,1.0,1.0,0.0,0.0
CISO,2023,hampel,8757,0.02550119999796152,17,98,29,8611,0.14782608695652175,0.3695652173913043,0.21118012422360247,0.22751981037784616,115,47,0.14782608695652175,0.21118012422360247,0,1.0,1.0,1.0,0.0,0.2727272727272727
CISO,2023,iqr,8757,0.010802899952977896,48,460,0,8249,0.09448818897637795,1.0,0.1726618705035971,0.2991612017004226,508,47,0.09448818897637795,0.1726618705035971,0,1.0,1.0,1.0,1.0,1.0
CISO,2023,sentinel_v3_legacy,8757,0.3081368999555707,48,0,1,8708,1.0,0.9795918367346939,0.9896907216494846,0.9896864939620472,48,47,1.0,0.9896907216494846,0,1.0,0.75,1.0,1.0,1.0
CISO,2023,sentinel_v2_legacy,8757,0.1950514999916777,49,0,0,8707,1.0,1.0,1.0,1.0,49,47,1.0,1.0,0,1.0,1.0,1.0,1.0,1.0
CISO,2023,sentinel_v1_legacy,8757,0.06202279997523874,49,0,0,8707,1.0,1.0,1.0,1.0,49,47,1.0,1.0,0,1.0,1.0,1.0,1.0,1.0
CISO,2024,sentinel_v3,8735,3.858634400065057,43,2,6,8682,0.9555555555555556,0.8775510204081632,0.9148936170212767,0.9152719790804443,45,50,0.9555555555555556,0.9148936170212767,0,,1.0,,,0.875
CISO,2024,sentinel_v3_distance_neighbors,8735,3.4706148999975994,43,2,6,8682,0.9555555555555556,0.8775510204081632,0.9148936170212767,0.9152719790804443,45,50,0.9555555555555556,0.9148936170212767,0,,1.0,,,0.875
CISO,2024,sentinel_v3_profile_neighbors,8735,3.754443399957381,43,2,6,8682,0.9555555555555556,0.8775510204081632,0.9148936170212767,0.9152719790804443,45,50,0.9555555555555556,0.9148936170212767,0,,1.0,,,0.875
CISO,2024,sentinel_v3_profile_weather,8735,1.6470492000225931,43,2,6,8682,0.9555555555555556,0.8775510204081632,0.9148936170212767,0.9152719790804443,45,50,0.9555555555555556,0.9148936170212767,0,,1.0,,,0.875
CISO,2024,sentinel_v3_regime_only,8735,4.093501899973489,43,2,6,8682,0.9555555555555556,0.8775510204081632,0.9148936170212767,0.9152719790804443,45,50,0.9555555555555556,0.9148936170212767,0,,1.0,,,0.875
CISO,2024,sentinel_v3_forgetting,8735,3.941686600097455,34,2,13,8682,0.9444444444444444,0.723404255319149,0.8192771084337349,0.8257822898263123,36,50,0.9444444444444444,0.8192771084337349,0,,1.0,,,0.7291666666666666
CISO,2024,sentinel_v2,8735,1.5255949000129476,51,2,0,8682,0.9622641509433962,1.0,0.9807692307692307,0.980837669148637,53,50,0.9622641509433962,0.9807692307692307,0,,1.0,,,1.0
CISO,2024,profile_residual,8735,1.40067280002404,50,192,0,8493,0.2066115702479339,1.0,0.34246575342465757,0.4494930383141485,242,50,0.2066115702479339,0.34246575342465757,0,,1.0,,,1.0
CISO,2024,modified_zscore,8735,0.5287946000462398,49,19,1,8666,0.7205882352941176,0.98,0.8305084745762712,0.8393373779504801,68,50,0.7205882352941176,0.8305084745762712,0,,0.5,,,1.0
CISO,2024,relative_deviation,8735,0.01137419999577105,10,4,42,8677,0.7142857142857143,0.19230769230769232,0.30303030303030304,0.36893003681856107,14,50,0.7142857142857143,0.30303030303030304,0,,1.0,,,0.125
CISO,2024,teda_level,8735,0.07496470003388822,40,0,8,8685,1.0,0.8333333333333334,0.9090909090909091,0.9124507837478097,40,50,1.0,0.9090909090909091,0,,0.0,,,0.875
CISO,2024,teda_level_robust,8735,0.07787649997044355,49,89,1,8596,0.35507246376811596,0.98,0.5212765957446809,0.5867023003619641,138,50,0.35507246376811596,0.5212765957446809,0,,0.5,,,1.0
CISO,2024,teda_diff,8735,0.07659220008645207,4,2,45,8682,0.6666666666666666,0.08163265306122448,0.14545454545454545,0.23205276485366697,6,50,0.6666666666666666,0.14545454545454545,0,,1.0,,,0.0625
CISO,2024,autoencoder,8735,0.30491870001424104,51,3,0,8676,0.9444444444444444,1.0,0.9714285714285714,0.9716573397772905,54,50,0.9444444444444444,0.9714285714285714,0,,1.0,,,1.0
CISO,2024,stuck_rule,8735,0.068346600048244,0,0,50,8685,0.0,0.0,0.0,0.0,0,50,0.0,0.0,0,,0.0,,,0.0
CISO,2024,rolling_zscore,8735,0.0334838000126183,1,1,49,8684,0.5,0.02,0.038461538461538464,0.09915068077204692,2,50,0.5,0.038461538461538464,0,,0.5,,,0.0
CISO,2024,hampel,8735,0.027509699924848974,5,44,44,8640,0.10204081632653061,0.10204081632653061,0.10204081632653061,0.09697402682860339,49,50,0.10204081632653061,0.10204081632653061,0,,0.5,,,0.10416666666666667
CISO,2024,iqr,8735,0.011252099997363985,49,445,1,8240,0.09919028340080972,0.98,0.18014705882352938,0.303333956210255,494,50,0.09919028340080972,0.18014705882352938,0,,0.5,,,1.0
CISO,2024,sentinel_v3_legacy,8735,0.3031465000240132,43,2,6,8682,0.9555555555555556,0.8775510204081632,0.9148936170212767,0.9152719790804443,45,50,0.9555555555555556,0.9148936170212767,0,,1.0,,,0.875
CISO,2024,sentinel_v2_legacy,8735,0.18974300008267164,51,2,0,8682,0.9622641509433962,1.0,0.9807692307692307,0.980837669148637,53,50,0.9622641509433962,0.9807692307692307,0,,1.0,,,1.0
CISO,2024,sentinel_v1_legacy,8735,0.06294870004057884,43,2,6,8682,0.9555555555555556,0.8775510204081632,0.9148936170212767,0.9152719790804443,45,50,0.9555555555555556,0.9148936170212767,0,,1.0,,,0.875
SWPP,2023,sentinel_v3,8759,3.6776455000508577,47,31,1,8679,0.6025641025641025,0.9791666666666666,0.7460317460317459,0.76665095326825,78,47,0.9215686274509803,0.9494949494949494,49,1.0,0.75,1.0,1.0,1.0
SWPP,2023,sentinel_v3_distance_neighbors,8759,1.7816895000869408,47,31,1,8679,0.6025641025641025,0.9791666666666666,0.7460317460317459,0.76665095326825,78,47,0.9215686274509803,0.9494949494949494,49,1.0,0.75,1.0,1.0,1.0
SWPP,2023,sentinel_v3_profile_neighbors,8759,3.500748599995859,47,31,1,8679,0.6025641025641025,0.9791666666666666,0.7460317460317459,0.76665095326825,78,47,0.9215686274509803,0.9494949494949494,49,1.0,0.75,1.0,1.0,1.0
SWPP,2023,sentinel_v3_profile_weather,8759,1.6076370000373572,47,31,1,8679,0.6025641025641025,0.9791666666666666,0.7460317460317459,0.76665095326825,78,47,0.9215686274509803,0.9494949494949494,49,1.0,0.75,1.0,1.0,1.0
SWPP,2023,sentinel_v3_regime_only,8759,3.652798300026916,47,31,1,8679,0.6025641025641025,0.9791666666666666,0.7460317460317459,0.76665095326825,78,47,0.9215686274509803,0.9494949494949494,49,1.0,0.75,1.0,1.0,1.0
SWPP,2023,sentinel_v3_forgetting,8759,3.6542547999415547,44,34,2,8676,0.5641025641025641,0.9565217391304348,0.7096774193548387,0.7329084595547003,78,47,0.8627450980392157,0.9072164948453608,49,1.0,0.75,1.0,1.0,0.9696969696969697
SWPP,2023,sentinel_v2,8759,1.4895159000298008,47,31,1,8679,0.6025641025641025,0.9791666666666666,0.7460317460317459,0.76665095326825,78,47,0.9215686274509803,0.9494949494949494,49,1.0,0.75,1.0,1.0,1.0
SWPP,2023,profile_residual,8759,1.3945700000040233,42,109,5,8603,0.2781456953642384,0.8936170212765957,0.42424242424242425,0.49453404264064693,151,47,0.2978723404255319,0.4468085106382979,49,1.0,1.0,1.0,0.0,1.0
SWPP,2023,modified_zscore,8759,0.5144515999127179,41,22,6,8690,0.6507936507936508,0.8723404255319149,0.7454545454545455,0.7519774221964917,63,47,0.6612903225806451,0.7522935779816514,49,1.0,0.75,1.0,0.0,1.0
SWPP,2023,relative_deviation,8759,0.008823700016364455,21,13,32,8691,0.6176470588235294,0.39622641509433965,0.48275862068965514,0.49229820274749353,34,47,0.6774193548387096,0.5,49,1.0,1.0,1.0,0.0,0.18181818181818182
SWPP,2023,teda_level,8759,0.0687474999576807,40,1,7,8711,0.975609756097561,0.851063829787234,0.9090909090909092,0.9107749078683757,41,47,1.0,0.9195402298850576,49,1.0,0.5,1.0,0.0,1.0
SWPP,2023,teda_level_robust,8759,0.07181910006329417,41,21,6,8691,0.6612903225806451,0.8723404255319149,0.7522935779816514,0.7580739432150659,62,47,0.6721311475409836,0.7592592592592592,49,1.0,0.75,1.0,0.0,1.0
SWPP,2023,teda_diff,8759,0.07123939995653927,11,7,33,8703,0.6111111111111112,0.25,0.3548387096774194,0.3890312473682646,18,47,0.6470588235294118,0.36065573770491804,49,1.0,0.5,1.0,0.0,0.21212121212121213
SWPP,2023,autoencoder,8759,0.30343460000585765,35,11,14,8699,0.7608695652173914,0.7142857142857143,0.7368421052631581,0.7357796309407293,46,47,0.813953488372093,0.7608695652173914,49,0.0,0.0,0.0,0.0,1.0
SWPP,2023,stuck_rule,8759,0.058830900001339614,4,26,42,8686,0.13333333333333333,0.08695652173913043,0.10526315789473685,0.10388552404064569,30,47,1.0,0.16,49,0.0,0.0,0.0,1.0,0.0
SWPP,2023,rolling_zscore,8759,0.024621000047773123,9,1,38,8711,0.9,0.19148936170212766,0.3157894736842105,0.41401197120471356,10,47,1.0,0.32142857142857145,49,1.0,1.0,1.0,0.0,0.0
SWPP,2023,hampel,8759,0.023626700043678284,13,158,33,8553,0.07602339181286549,0.2826086956521739,0.11981566820276497,0.13816467037975064,171,47,0.07784431137724551,0.12206572769953052,49,1.0,1.0,1.0,0.0,0.15151515151515152
SWPP,2023,iqr,8759,0.009582699974998832,43,578,5,8133,0.06924315619967794,0.8958333333333334,0.12855007473841557,0.23859214154822117,621,47,0.07003257328990228,0.1299093655589124,49,1.0,1.0,1.0,0.0,1.0
SWPP,2023,sentinel_v3_legacy,8759,0.2870374999474734,48,36,1,8674,0.5714285714285714,0.9795918367346939,0.7218045112781954,0.7465202621224063,84,47,0.9230769230769231,0.9504950495049506,49,1.0,0.75,1.0,1.0,1.0
SWPP,2023,sentinel_v2_legacy,8759,0.18802579992916435,48,36,1,8674,0.5714285714285714,0.9795918367346939,0.7218045112781954,0.7465202621224063,84,47,0.9230769230769231,0.9504950495049506,49,1.0,0.75,1.0,1.0,1.0
SWPP,2023,sentinel_v1_legacy,8759,0.06195620005019009,47,38,2,8672,0.5529411764705883,0.9591836734693877,0.7014925373134329,0.7264568943451127,85,47,0.8867924528301887,0.9215686274509803,49,1.0,0.5,1.0,1.0,1.0
SWPP,2024,sentinel_v3,8782,3.667534700012766,52,364,0,8365,0.125,1.0,0.2222222222222222,0.3461032937952805,416,50,0.9807692307692307,0.9902912621359222,419,,1.0,,,1.0
SWPP,2024,sentinel_v3_distance_neighbors,8782,1.7973607999738306,52,364,0,8365,0.125,1.0,0.2222222222222222,0.3461032937952805,416,50,0.9807692307692307,0.9902912621359222,419,,1.0,,,1.0
SWPP,2024,sentinel_v3_profile_neighbors,8782,3.5124095000792295,52,364,0,8365,0.125,1.0,0.2222222222222222,0.3461032937952805,416,50,0.9807692307692307,0.9902912621359222,419,,1.0,,,1.0
SWPP,2024,sentinel_v3_profile_weather,8782,1.6028709000675008,52,364,0,8365,0.125,1.0,0.2222222222222222,0.3461032937952805,416,50,0.9807692307692307,0.9902912621359222,419,,1.0,,,1.0
SWPP,2024,sentinel_v3_regime_only,8782,3.6323106000199914,52,364,0,8365,0.125,1.0,0.2222222222222222,0.3461032937952805,416,50,0.9807692307692307,0.9902912621359222,419,,1.0,,,1.0
SWPP,2024,sentinel_v3_forgetting,8782,3.643634399981238,51,365,0,8366,0.12259615384615384,1.0,0.21841541755888652,0.3427404469595167,416,50,0.9615384615384616,0.9803921568627451,419,,1.0,,,1.0
SWPP,2024,sentinel_v2,8782,1.4753122999100015,52,364,0,8365,0.125,1.0,0.2222222222222222,0.3461032937952805,416,50,0.9807692307692307,0.9902912621359222,419,,1.0,,,1.0
SWPP,2024,profile_residual,8782,1.3675988999893889,50,237,0,8495,0.17421602787456447,1.0,0.2967359050445104,0.4116886385783517,287,50,0.20920502092050208,0.3460207612456747,419,,1.0,,,1.0
SWPP,2024,modified_zscore,8782,0.5123180999653414,49,1,1,8731,0.98,0.98,0.98,0.979885478699038,50,50,0.98,0.98,419,,0.5,,,1.0
SWPP,2024,relative_deviation,8782,0.011053399997763336,10,5,42,8723,0.6666666666666666,0.19230769230769232,0.29850746268656714,0.3562365273778,15,50,0.6923076923076923,0.28125,419,,1.0,,,0.125
SWPP,2024,teda_level,8782,0.06943649996537715,36,1,13,8731,0.972972972972973,0.7346938775510204,0.8372093023255813,0.8447684512377583,37,50,0.972972972972973,0.8372093023255813,419,,0.0,,,0.7708333333333334
SWPP,2024,teda_level_robust,8782,0.0704407999292016,49,1,1,8731,0.98,0.98,0.98,0.979885478699038,50,50,0.98,0.98,419,,0.5,,,1.0
SWPP,2024,teda_diff,8782,0.0688924000132829,4,1,45,8728,0.8,0.08163265306122448,0.1481481481481481,0.25455124654920647,5,50,0.75,0.11320754716981131,419,,1.0,,,0.0625
SWPP,2024,autoencoder,8782,0.30111669993493706,39,5,10,8722,0.8863636363636364,0.7959183673469388,0.8387096774193548,0.8390795135288716,44,50,0.9047619047619048,0.8444444444444444,419,,1.0,,,0.7916666666666666
SWPP,2024,stuck_rule,8782,0.05838279996532947,10,363,39,8369,0.02680965147453083,0.20408163265306123,0.047393364928909956,0.06002543229498248,373,50,1.0,0.3389830508474576,419,,0.0,,,0.22916666666666666
SWPP,2024,rolling_zscore,8782,0.026058799936436117,2,1,48,8731,0.6666666666666666,0.04,0.07547169811320754,0.16239532494432046,3,50,0.6666666666666666,0.07547169811320754,419,,1.0,,,0.0
SWPP,2024,hampel,8782,0.02379620005376637,6,220,39,8511,0.02654867256637168,0.13333333333333333,0.04428044280442804,0.04876074324736146,226,50,0.027906976744186046,0.04615384615384615,419,,0.5,,,0.20833333333333334
SWPP,2024,iqr,8782,0.011287799919955432,50,475,0,8257,0.09523809523809523,1.0,0.17391304347826084,0.30009560096473703,525,50,0.09523809523809523,0.17391304347826084,419,,1.0,,,1.0
SWPP,2024,sentinel_v3_legacy,8782,0.28269319992978126,52,376,0,8353,0.12149532710280374,1.0,0.21666666666666667,0.34097205046965373,428,50,0.9807692307692307,0.9902912621359222,419,,1.0,,,1.0
SWPP,2024,sentinel_v2_legacy,8782,0.18488000007346272,52,376,0,8353,0.12149532710280374,1.0,0.21666666666666667,0.34097205046965373,428,50,0.9807692307692307,0.9902912621359222,419,,1.0,,,1.0
SWPP,2024,sentinel_v1_legacy,8782,0.06296769995242357,50,377,0,8352,0.117096018735363,1.0,0.20964360587002098,0.3347218481076685,427,50,0.9607843137254902,0.98,419,,1.0,,,1.0
NYIS,2023,sentinel_v3,8759,3.4020415999693796,47,0,0,8710,1.0,1.0,1.0,1.0,47,47,1.0,1.0,0,1.0,1.0,1.0,1.0,1.0
NYIS,2023,sentinel_v3_distance_neighbors,8759,3.40018809994217,47,0,0,8710,1.0,1.0,1.0,1.0,47,47,1.0,1.0,0,1.0,1.0,1.0,1.0,1.0
NYIS,2023,sentinel_v3_profile_neighbors,8759,3.260816599940881,46,0,0,8711,1.0,1.0,1.0,1.0,46,47,1.0,1.0,0,1.0,1.0,1.0,1.0,1.0
NYIS,2023,sentinel_v3_profile_weather,8759,1.6220919000916183,45,0,1,8711,1.0,0.9782608695652174,0.989010989010989,0.9890139436167438,45,47,1.0,0.989010989010989,0,0.5,1.0,1.0,1.0,1.0
NYIS,2023,sentinel_v3_regime_only,8759,3.437360699987039,48,0,0,8709,1.0,1.0,1.0,1.0,48,47,1.0,1.0,0,1.0,1.0,1.0,1.0,1.0
NYIS,2023,sentinel_v3_forgetting,8759,3.4143034999724478,47,1,0,8710,0.9791666666666666,1.0,0.9894736842105264,0.989471707981681,48,47,0.9791666666666666,0.9894736842105264,0,1.0,1.0,1.0,1.0,1.0
NYIS,2023,sentinel_v2,8759,1.516509099979885,48,0,0,8709,1.0,1.0,1.0,1.0,48,47,1.0,1.0,0,1.0,1.0,1.0,1.0,1.0
NYIS,2023,profile_residual,8759,1.3522773999720812,42,131,5,8581,0.24277456647398843,0.8936170212765957,0.3818181818181818,0.4612865852248974,173,47,0.24277456647398843,0.3818181818181818,0,1.0,1.0,1.0,0.0,1.0
NYIS,2023,modified_zscore,8759,0.5050044000381604,41,10,6,8702,0.803921568627451,0.8723404255319149,0.8367346938775511,0.8365227060787526,51,47,0.803921568627451,0.8367346938775511,0,1.0,0.75,1.0,0.0,1.0
NYIS,2023,relative_deviation,8759,0.006219099974259734,22,9,32,8694,0.7096774193548387,0.4074074074074074,0.5176470588235293,0.5356339130739687,31,47,0.7096774193548387,0.5176470588235293,0,1.0,1.0,1.0,0.0,0.18181818181818182
NYIS,2023,teda_level,8759,0.0606629999820143,39,0,8,8712,1.0,0.8297872340425532,0.9069767441860465,0.9105086278288477,39,47,1.0,0.9069767441860465,0,0.5,0.5,1.0,0.0,1.0
NYIS,2023,teda_level_robust,8759,0.061850199941545725,40,32,7,8680,0.5555555555555556,0.851063829787234,0.6722689075630252,0.6856309515423143,72,47,0.5555555555555556,0.6722689075630252,0,0.5,0.75,1.0,0.0,1.0
NYIS,2023,teda_diff,8759,0.0609307000413537,13,0,29,8709,1.0,0.30952380952380953,0.4727272727272727,0.5554246576909609,13,47,1.0,0.4727272727272727,0,1.0,1.0,1.0,0.0,0.2727272727272727
NYIS,2023,autoencoder,8759,0.2935730000026524,57,8,5,8687,0.8769230769230769,0.9193548387096774,0.8976377952755904,0.8971445381401129,65,47,0.8769230769230769,0.8976377952755904,0,1.0,1.0,1.0,0.0,1.0
NYIS,2023,stuck_rule,8759,0.05209329992067069,4,0,42,8712,1.0,0.08695652173913043,0.16,0.2941756637709,4,47,1.0,0.16,0,0.0,0.0,0.0,1.0,0.0
NYIS,2023,rolling_zscore,8759,0.022063099895603955,8,0,39,8712,1.0,0.1702127659574468,0.2909090909090909,0.41164813863037913,8,47,1.0,0.2909090909090909,0,1.0,0.75,1.0,0.0,0.0
NYIS,2023,hampel,8759,0.02086409996263683,17,49,27,8661,0.25757575757575757,0.38636363636363635,0.3090909090909091,0.31126455851841395,66,47,0.25757575757575757,0.3090909090909091,0,1.0,1.0,1.0,0.2,0.30303030303030304
NYIS,2023,iqr,8759,0.007133199949748814,40,253,7,8459,0.13651877133105803,0.851063829787234,0.23529411764705885,0.3339789647617082,293,47,0.13651877133105803,0.23529411764705885,0,0.5,0.75,1.0,0.0,1.0
NYIS,2023,sentinel_v3_legacy,8759,0.2645356999710202,48,0,0,8710,1.0,1.0,1.0,1.0,48,47,1.0,1.0,0,1.0,1.0,1.0,1.0,1.0
NYIS,2023,sentinel_v2_legacy,8759,0.19286760000977665,49,0,0,8709,1.0,1.0,1.0,1.0,49,47,1.0,1.0,0,1.0,1.0,1.0,1.0,1.0
NYIS,2023,sentinel_v1_legacy,8759,0.062121300026774406,49,0,0,8709,1.0,1.0,1.0,1.0,49,47,1.0,1.0,0,1.0,1.0,1.0,1.0,1.0
NYIS,2024,sentinel_v3,8780,3.40826489997562,50,0,1,8729,1.0,0.9803921568627451,0.99009900990099,0.9900908318713283,50,50,1.0,0.99009900990099,0,,0.5,,,1.0
NYIS,2024,sentinel_v3_distance_neighbors,8780,3.4508077000500634,50,0,1,8729,1.0,0.9803921568627451,0.99009900990099,0.9900908318713283,50,50,1.0,0.99009900990099,0,,0.5,,,1.0
NYIS,2024,sentinel_v3_profile_neighbors,8780,3.2947997000301257,49,0,1,8730,1.0,0.98,0.98989898989899,0.9898928003934363,49,50,1.0,0.98989898989899,0,,0.5,,,1.0
NYIS,2024,sentinel_v3_profile_weather,8780,1.6167753000045195,49,0,1,8730,1.0,0.98,0.98989898989899,0.9898928003934363,49,50,1.0,0.98989898989899,0,,0.5,,,1.0
NYIS,2024,sentinel_v3_regime_only,8780,3.4019954999675974,50,0,1,8729,1.0,0.9803921568627451,0.99009900990099,0.9900908318713283,50,50,1.0,0.99009900990099,0,,0.5,,,1.0
NYIS,2024,sentinel_v3_forgetting,8780,3.4051831999095157,51,0,0,8729,1.0,1.0,1.0,1.0,51,50,1.0,1.0,0,,1.0,,,1.0
NYIS,2024,sentinel_v2,8780,1.512790499953553,50,0,1,8729,1.0,0.9803921568627451,0.99009900990099,0.9900908318713283,50,50,1.0,0.99009900990099,0,,0.5,,,1.0
NYIS,2024,profile_residual,8780,1.3585730000631884,49,137,1,8593,0.26344086021505375,0.98,0.4152542372881356,0.5039103643194509,186,50,0.26344086021505375,0.4152542372881356,0,,0.5,,,1.0
NYIS,2024,modified_zscore,8780,0.513406699988991,49,6,1,8724,0.8909090909090909,0.98,0.9333333333333333,0.9340055451079524,55,50,0.8909090909090909,0.9333333333333333,0,,0.5,,,1.0
NYIS,2024,relative_deviation,8780,0.006280199973843992,10,4,42,8722,0.7142857142857143,0.19230769230769232,0.30303030303030304,0.3689387525144598,14,50,0.7142857142857143,0.30303030303030304,0,,1.0,,,0.125
NYIS,2024,teda_level,8780,0.0597832000348717,37,0,10,8730,1.0,0.7872340425531915,0.880952380952381,0.8867543724752904,37,50,1.0,0.880952380952381,0,,0.0,,,0.8333333333333334
NYIS,2024,teda_level_robust,8780,0.061258899979293346,49,8,1,8722,0.8596491228070176,0.98,0.9158878504672898,0.9173636864490077,57,50,0.8596491228070176,0.9158878504672898,0,,0.5,,,1.0
NYIS,2024,teda_diff,8780,0.060345100006088614,2,0,47,8729,1.0,0.04081632653061224,0.07843137254901959,0.20148879393146987,2,50,1.0,0.07843137254901959,0,,0.0,,,0.0625
NYIS,2024,autoencoder,8780,0.29830220004078,56,4,0,8720,0.9333333333333333,1.0,0.9655172413793104,0.9658702785978612,60,50,0.9333333333333333,0.9655172413793104,0,,1.0,,,1.0
NYIS,2024,stuck_rule,8780,0.05156010005157441,0,0,50,8730,0.0,0.0,0.0,0.0,0,50,0.0,0.0,0,,0.0,,,0.0
NYIS,2024,rolling_zscore,8780,0.020953400060534477,2,0,48,8730,1.0,0.04,0.07692307692307693,0.19945242881504033,2,50,1.0,0.07692307692307693,0,,1.0,,,0.0
NYIS,2024,hampel,8780,0.019731600070372224,4,52,45,8677,0.07142857142857142,0.08163265306122448,0.07619047619047617,0.07081634760325027,56,50,0.07142857142857142,0.07619047619047617,0,,0.5,,,0.08333333333333333
NYIS,2024,iqr,8780,0.005868999985978007,50,309,0,8421,0.1392757660167131,1.0,0.24449877750611246,0.36653250054388514,359,50,0.1392757660167131,0.24449877750611246,0,,1.0,,,1.0
NYIS,2024,sentinel_v3_legacy,8780,0.26659170002676547,50,0,1,8729,1.0,0.9803921568627451,0.99009900990099,0.9900908318713283,50,50,1.0,0.99009900990099,0,,0.5,,,1.0
NYIS,2024,sentinel_v2_legacy,8780,0.19989460008218884,50,0,1,8729,1.0,0.9803921568627451,0.99009900990099,0.9900908318713283,50,50,1.0,0.99009900990099,0,,0.5,,,1.0
NYIS,2024,sentinel_v1_legacy,8780,0.06268920004367828,38,0,9,8729,1.0,0.8085106382978723,0.8941176470588235,0.8987090103556106,38,50,1.0,0.8941176470588235,0,,0.0,,,0.8541666666666666
ISNE,2023,sentinel_v3,8759,1.7935942000476643,46,0,1,8710,1.0,0.9787234042553191,0.989247311827957,0.9892477189107903,46,47,1.0,0.989247311827957,0,0.5,1.0,1.0,1.0,1.0
ISNE,2023,sentinel_v3_distance_neighbors,8759,1.7716328999958932,46,0,1,8710,1.0,0.9787234042553191,0.989247311827957,0.9892477189107903,46,47,1.0,0.989247311827957,0,0.5,1.0,1.0,1.0,1.0
ISNE,2023,sentinel_v3_profile_neighbors,8759,1.6324835000559688,48,0,0,8709,1.0,1.0,1.0,1.0,48,47,1.0,1.0,0,1.0,1.0,1.0,1.0,1.0
ISNE,2023,sentinel_v3_profile_weather,8759,1.5905178999528289,46,0,1,8710,1.0,0.9787234042553191,0.989247311827957,0.9892477189107903,46,47,1.0,0.989247311827957,0,0.5,1.0,1.0,1.0,1.0
ISNE,2023,sentinel_v3_regime_only,8759,1.7633998999372125,48,0,0,8709,1.0,1.0,1.0,1.0,48,47,1.0,1.0,0,1.0,1.0,1.0,1.0,1.0
ISNE,2023,sentinel_v3_forgetting,8759,1.7693810000782833,42,0,3,8711,1.0,0.9333333333333333,0.9655172413793104,0.9659254688239542,42,47,1.0,0.9655172413793104,0,0.5,1.0,1.0,1.0,0.9393939393939394
ISNE,2023,sentinel_v2,8759,1.490054800058715,48,0,0,8709,1.0,1.0,1.0,1.0,48,47,1.0,1.0,0,1.0,1.0,1.0,1.0,1.0
ISNE,2023,profile_residual,8759,1.3563229000428692,42,98,5,8614,0.3,0.8936170212765957,0.44919786096256686,0.5140025066769902,140,47,0.3,0.44919786096256686,0,1.0,1.0,1.0,0.0,1.0
ISNE,2023,modified_zscore,8759,0.511195500032045,39,34,8,8678,0.5342465753424658,0.8297872340425532,0.6499999999999999,0.6636756328020516,73,47,0.5342465753424658,0.6499999999999999,0,0.5,0.5,1.0,0.0,1.0
ISNE,2023,relative_deviation,8759,0.0059550999430939555,22,10,32,8693,0.6875,0.4074074074074074,0.5116279069767441,0.5270793422544581,32,47,0.6875,0.5116279069767441,0,1.0,1.0,1.0,0.0,0.18181818181818182
ISNE,2023,teda_level,8759,0.05850509996525943,39,0,8,8712,1.0,0.8297872340425532,0.9069767441860465,0.9105086278288477,39,47,1.0,0.9069767441860465,0,0.5,0.5,1.0,0.0,1.0
ISNE,2023,teda_level_robust,8759,0.058687199954874814,40,8,7,8704,0.8333333333333334,0.851063829787234,0.8421052631578947,0.8412915479934631,48,47,0.8333333333333334,0.8421052631578947,0,0.5,0.75,1.0,0.0,1.0
ISNE,2023,teda_diff,8759,0.05908499995712191,14,0,26,8709,1.0,0.35,0.5185185185185185,0.5907268523448738,14,47,1.0,0.5185185185185185,0,1.0,1.0,1.0,0.0,0.36363636363636365
ISNE,2023,autoencoder,8759,0.29637469991575927,56,10,5,8685,0.8484848484848485,0.9180327868852459,0.8818897637795275,0.8817219112967111,66,47,0.8484848484848485,0.8818897637795275,0,1.0,1.0,1.0,0.0,1.0
ISNE,2023,stuck_rule,8759,0.05007349990773946,4,0,42,8712,1.0,0.08695652173913043,0.16,0.2941756637709,4,47,1.0,0.16,0,0.0,0.0,0.0,1.0,0.0
ISNE,2023,rolling_zscore,8759,0.02756830002181232,8,0,39,8712,1.0,0.1702127659574468,0.2909090909090909,0.41164813863037913,8,47,1.0,0.2909090909090909,0,1.0,0.75,1.0,0.0,0.0
ISNE,2023,hampel,8759,0.021092900075018406,22,107,22,8603,0.17054263565891473,0.5,0.2543352601156069,0.28623804815004694,129,47,0.17054263565891473,0.2543352601156069,0,1.0,0.75,1.0,0.2,0.48484848484848486
ISNE,2023,iqr,8759,0.005749200005084276,40,160,7,8552,0.2,0.851063829787234,0.32388663967611336,0.4072574700337868,200,47,0.2,0.32388663967611336,0,0.5,0.75,1.0,0.0,1.0
ISNE,2023,sentinel_v3_legacy,8759,0.2399305000435561,47,0,1,8710,1.0,0.9791666666666666,0.9894736842105264,0.989471707981681,47,47,1.0,0.9894736842105264,0,0.5,1.0,1.0,1.0,1.0
ISNE,2023,sentinel_v2_legacy,8759,0.1921491000102833,49,0,0,8709,1.0,1.0,1.0,1.0,49,47,1.0,1.0,0,1.0,1.0,1.0,1.0,1.0
ISNE,2023,sentinel_v1_legacy,8759,0.06189060001634061,49,0,0,8709,1.0,1.0,1.0,1.0,49,47,1.0,1.0,0,1.0,1.0,1.0,1.0,1.0
ISNE,2024,sentinel_v3,8783,1.8012434999691322,49,1,1,8732,0.98,0.98,0.98,0.9798854918126646,50,50,0.98,0.98,0,,0.5,,,1.0
ISNE,2024,sentinel_v3_distance_neighbors,8783,1.7955686000641435,49,1,1,8732,0.98,0.98,0.98,0.9798854918126646,50,50,0.98,0.98,0,,0.5,,,1.0
ISNE,2024,sentinel_v3_profile_neighbors,8783,1.6615197999635711,50,1,1,8731,0.9803921568627451,0.9803921568627451,0.9803921568627451,0.9802776355617832,51,50,0.9803921568627451,0.9803921568627451,0,,0.5,,,1.0
ISNE,2024,sentinel_v3_profile_weather,8783,1.6148335000034422,49,1,1,8732,0.98,0.98,0.98,0.9798854918126646,50,50,0.98,0.98,0,,0.5,,,1.0
ISNE,2024,sentinel_v3_regime_only,8783,1.796056800056249,50,1,1,8731,0.9803921568627451,0.9803921568627451,0.9803921568627451,0.9802776355617832,51,50,0.9803921568627451,0.9803921568627451,0,,0.5,,,1.0
ISNE,2024,sentinel_v3_forgetting,8783,1.8328467999817804,50,1,0,8732,0.9803921568627451,1.0,0.99009900990099,0.9900908513535436,51,50,0.9803921568627451,0.99009900990099,0,,1.0,,,1.0
ISNE,2024,sentinel_v2,8783,1.5235992000671104,50,1,1,8731,0.9803921568627451,0.9803921568627451,0.9803921568627451,0.9802776355617832,51,50,0.9803921568627451,0.9803921568627451,0,,0.5,,,1.0
ISNE,2024,profile_residual,8783,1.3704061000607908,49,133,1,8600,0.2692307692307692,0.98,0.4224137931034483,0.5095426482095182,182,50,0.2692307692307692,0.4224137931034483,0,,0.5,,,1.0
ISNE,2024,modified_zscore,8783,0.5092528000241145,49,52,1,8681,0.48514851485148514,0.98,0.6490066225165563,0.6873460353909764,101,50,0.48514851485148514,0.6490066225165563,0,,0.5,,,1.0
ISNE,2024,relative_deviation,8783,0.0054802000522613525,11,4,42,8724,0.7333333333333333,0.20754716981132076,0.32352941176470584,0.3884236894037751,15,50,0.7333333333333333,0.32352941176470584,0,,1.0,,,0.125
ISNE,2024,teda_level,8783,0.058224800042808056,41,0,7,8733,1.0,0.8541666666666666,0.9213483146067416,0.9238411938679798,41,50,1.0,0.9213483146067416,0,,0.0,,,0.8958333333333334
ISNE,2024,teda_level_robust,8783,0.05921640002634376,49,8,1,8725,0.8596491228070176,0.98,0.9158878504672898,0.917363854958721,57,50,0.8596491228070176,0.9158878504672898,0,,0.5,,,1.0
ISNE,2024,teda_diff,8783,0.05802910006605089,2,1,47,8731,0.6666666666666666,0.04081632653061224,0.07692307692307691,0.1640628152706649,3,50,0.6666666666666666,0.07692307692307691,0,,0.0,,,0.0625
ISNE,2024,autoencoder,8783,0.2954833999974653,54,4,0,8724,0.9310344827586207,1.0,0.9642857142857143,0.964680151230485,58,50,0.9310344827586207,0.9642857142857143,0,,1.0,,,1.0
ISNE,2024,stuck_rule,8783,0.04883949994109571,0,0,50,8733,0.0,0.0,0.0,0.0,0,50,0.0,0.0,0,,0.0,,,0.0
ISNE,2024,rolling_zscore,8783,0.02084619994275272,2,2,48,8731,0.5,0.04,0.07407407407407407,0.14024279038945744,4,50,0.5,0.07407407407407407,0,,1.0,,,0.0
ISNE,2024,hampel,8783,0.019614499993622303,4,198,45,8534,0.019801980198019802,0.08163265306122448,0.03187250996015936,0.0292954024942463,202,50,0.019801980198019802,0.03187250996015936,0,,1.0,,,0.0625
ISNE,2024,iqr,8783,0.004807399935089052,49,176,1,8557,0.21777777777777776,0.98,0.3563636363636363,0.45707886936557923,225,50,0.21777777777777776,0.3563636363636363,0,,0.5,,,1.0
ISNE,2024,sentinel_v3_legacy,8783,0.24564780003856868,49,1,1,8732,0.98,0.98,0.98,0.9798854918126646,50,50,0.98,0.98,0,,0.5,,,1.0
ISNE,2024,sentinel_v2_legacy,8783,0.19643950008321553,50,1,1,8731,0.9803921568627451,0.9803921568627451,0.9803921568627451,0.9802776355617832,51,50,0.9803921568627451,0.9803921568627451,0,,0.5,,,1.0
ISNE,2024,sentinel_v1_legacy,8783,0.06285380001645535,42,1,7,8731,0.9767441860465116,0.8571428571428571,0.9130434782608695,0.9145550175184631,43,50,0.9767441860465116,0.9130434782608695,0,,0.0,,,0.8958333333333334
TVA,2023,sentinel_v3,8759,3.7915044999681413,47,2,1,8708,0.9591836734693877,0.9791666666666666,0.9690721649484536,0.9689520247254558,49,47,0.9591836734693877,0.9690721649484536,0,1.0,0.75,1.0,1.0,1.0
TVA,2023,sentinel_v3_distance_neighbors,8759,3.5131338000064716,47,2,1,8708,0.9591836734693877,0.9791666666666666,0.9690721649484536,0.9689520247254558,49,47,0.9591836734693877,0.9690721649484536,0,1.0,0.75,1.0,1.0,1.0
TVA,2023,sentinel_v3_profile_neighbors,8759,3.667155900038779,45,1,1,8711,0.9782608695652174,0.9782608695652174,0.9782608695652174,0.9781460853595241,46,47,0.9782608695652174,0.9782608695652174,0,1.0,0.75,1.0,1.0,1.0
TVA,2023,sentinel_v3_profile_weather,8759,1.6036429000087082,45,1,1,8711,0.9782608695652174,0.9782608695652174,0.9782608695652174,0.9781460853595241,46,47,0.9782608695652174,0.9782608695652174,0,1.0,0.75,1.0,1.0,1.0
TVA,2023,sentinel_v3_regime_only,8759,3.773758099996485,47,2,1,8708,0.9591836734693877,0.9791666666666666,0.9690721649484536,0.9689520247254558,49,47,0.9591836734693877,0.9690721649484536,0,1.0,0.75,1.0,1.0,1.0
TVA,2023,sentinel_v3_forgetting,8759,3.7931126999901608,46,5,0,8705,0.9019607843137255,1.0,0.9484536082474228,0.9494435271191236,51,47,0.9019607843137255,0.9484536082474228,0,1.0,1.0,1.0,1.0,1.0
TVA,2023,sentinel_v2,8759,1.480587000027299,47,1,1,8709,0.9791666666666666,0.9791666666666666,0.9791666666666666,0.979051856104095,48,47,0.9791666666666666,0.9791666666666666,0,1.0,0.75,1.0,1.0,1.0
TVA,2023,profile_residual,8759,1.3760800999589264,41,205,6,8507,0.16666666666666666,0.8723404255319149,0.2798634812286689,0.37532656770834194,246,47,0.16666666666666666,0.2798634812286689,0,0.5,1.0,1.0,0.0,1.0
TVA,2023,modified_zscore,8759,0.5170208999188617,39,70,8,8642,0.3577981651376147,0.8297872340425532,0.5,0.5415362196181716,109,47,0.3577981651376147,0.5,0,0.5,0.5,1.0,0.0,1.0
TVA,2023,relative_deviation,8759,0.009978400077670813,21,9,32,8695,0.7,0.39622641509433965,0.5060240963855422,0.5245813581387688,30,47,0.7,0.5060240963855422,0,1.0,1.0,1.0,0.0,0.18181818181818182
TVA,2023,teda_level,8759,0.07370629999786615,37,0,10,8712,1.0,0.7872340425531915,0.880952380952381,0.8867533243437773,37,47,1.0,0.880952380952381,0,0.0,0.25,1.0,0.0,1.0
TVA,2023,teda_level_robust,8759,0.07668549998197705,37,0,10,8712,1.0,0.7872340425531915,0.880952380952381,0.8867533243437773,37,47,1.0,0.880952380952381,0,0.0,0.25,1.0,0.0,1.0
TVA,2023,teda_diff,8759,0.07377360004466027,15,3,22,8707,0.8333333333333334,0.40540540540540543,0.5454545454545455,0.580111991151542,18,47,0.8333333333333334,0.5454545454545455,0,1.0,0.75,1.0,0.0,0.5151515151515151
TVA,2023,autoencoder,8759,0.29843750002328306,58,10,5,8686,0.8529411764705882,0.9206349206349206,0.8854961832061068,0.8852895584627964,68,47,0.8529411764705882,0.8854961832061068,0,1.0,1.0,1.0,0.0,1.0
TVA,2023,stuck_rule,8759,0.06419150007423013,4,0,42,8712,1.0,0.08695652173913043,0.16,0.2941756637709,4,47,1.0,0.16,0,0.0,0.0,0.0,1.0,0.0
TVA,2023,rolling_zscore,8759,0.027686099987477064,9,5,38,8707,0.6428571428571429,0.19148936170212766,0.29508196721311475,0.3491443285815938,14,47,0.6428571428571429,0.29508196721311475,0,1.0,1.0,1.0,0.0,0.0
TVA,2023,hampel,8759,0.024323200108483434,12,222,36,8487,0.05128205128205128,0.25,0.0851063829787234,0.10278614900435273,234,47,0.05128205128205128,0.0851063829787234,0,1.0,0.25,1.0,0.0,0.15151515151515152
TVA,2023,iqr,8759,0.010893499944359064,39,161,8,8551,0.195,0.8297872340425532,0.3157894736842105,0.3967953390506042,200,47,0.195,0.3157894736842105,0,0.0,0.75,1.0,0.0,1.0
TVA,2023,sentinel_v3_legacy,8759,0.29986189992632717,48,2,1,8708,0.96,0.9795918367346939,0.9696969696969697,0.9695747897647305,50,47,0.96,0.9696969696969697,0,1.0,0.75,1.0,1.0,1.0
TVA,2023,sentinel_v2_legacy,8759,0.18343740003183484,48,1,1,8709,0.9795918367346939,0.9795918367346939,0.9795918367346939,0.9794770261721221,49,47,0.9795918367346939,0.9795918367346939,0,1.0,0.75,1.0,1.0,1.0
TVA,2023,sentinel_v1_legacy,8759,0.06247329991310835,48,3,1,8707,0.9411764705882353,0.9795918367346939,0.96,0.9599646674474913,51,47,0.9411764705882353,0.96,0,1.0,0.75,1.0,1.0,1.0
TVA,2024,sentinel_v3,8783,3.778841399936937,49,4,2,8728,0.9245283018867925,0.9607843137254902,0.9423076923076923,0.9421405263036065,53,50,0.9423076923076923,0.9514563106796117,3,,0.0,,,1.0
TVA,2024,sentinel_v3_distance_neighbors,8783,3.455019499990158,49,4,2,8728,0.9245283018867925,0.9607843137254902,0.9423076923076923,0.9421405263036065,53,50,0.9423076923076923,0.9514563106796117,3,,0.0,,,1.0
TVA,2024,sentinel_v3_profile_neighbors,8783,3.637657599989325,49,3,2,8729,0.9423076923076923,0.9607843137254902,0.9514563106796117,0.9512153801951385,52,50,0.9607843137254902,0.9607843137254902,3,,0.0,,,1.0
TVA,2024,sentinel_v3_profile_weather,8783,1.6030146999983117,49,4,2,8728,0.9245283018867925,0.9607843137254902,0.9423076923076923,0.9421405263036065,53,50,0.9423076923076923,0.9514563106796117,3,,0.0,,,1.0
TVA,2024,sentinel_v3_regime_only,8783,3.846529599977657,49,4,2,8728,0.9245283018867925,0.9607843137254902,0.9423076923076923,0.9421405263036065,53,50,0.9423076923076923,0.9514563106796117,3,,0.0,,,1.0
TVA,2024,sentinel_v3_forgetting,8783,3.8187977999914438,51,4,0,8728,0.9272727272727272,1.0,0.9622641509433962,0.9627294310222534,55,50,0.9444444444444444,0.9714285714285714,3,,1.0,,,1.0
TVA,2024,sentinel_v2,8783,1.4824586999602616,49,4,2,8728,0.9245283018867925,0.9607843137254902,0.9423076923076923,0.9421405263036065,53,50,0.9423076923076923,0.9514563106796117,3,,0.0,,,1.0
TVA,2024,profile_residual,8783,1.38727549999021,50,223,0,8510,0.18315018315018314,1.0,0.3095975232198142,0.422461103011327,273,50,0.18382352941176472,0.31055900621118016,3,,1.0,,,1.0
TVA,2024,modified_zscore,8783,0.5099908999400213,49,69,1,8664,0.4152542372881356,0.98,0.5833333333333334,0.6352605882758451,118,50,0.4188034188034188,0.5868263473053893,3,,0.5,,,1.0
TVA,2024,relative_deviation,8783,0.010761699988506734,10,9,42,8720,0.5263157894736842,0.19230769230769232,0.28169014084507044,0.31584022647742577,19,50,0.625,0.29411764705882354,3,,1.0,,,0.125
TVA,2024,teda_level,8783,0.07270290004089475,35,1,12,8732,0.9722222222222222,0.7446808510638298,0.8433734939759036,0.8502129875687519,36,50,1.0,0.8536585365853657,3,,0.0,,,0.7916666666666666
TVA,2024,teda_level_robust,8783,0.07404780003707856,48,1,2,8732,0.9795918367346939,0.96,0.9696969696969697,0.9695752614695334,49,50,1.0,0.9795918367346939,3,,0.0,,,1.0
TVA,2024,teda_diff,8783,0.07433169998694211,2,4,47,8728,0.3333333333333333,0.04081632653061224,0.07272727272727272,0.11505035119121773,6,50,0.4,0.07407407407407406,3,,0.0,,,0.0625
TVA,2024,autoencoder,8783,0.3083111000014469,50,6,2,8725,0.8928571428571429,0.9615384615384616,0.9259259259259259,0.9261116046777469,56,50,0.9433962264150944,0.9523809523809524,3,,0.0,,,1.0
TVA,2024,stuck_rule,8783,0.06624750001356006,0,0,50,8733,0.0,0.0,0.0,0.0,0,50,0.0,0.0,3,,0.0,,,0.0
TVA,2024,rolling_zscore,8783,0.03009300003759563,1,9,49,8724,0.1,0.02,0.03333333333333333,0.04232011746136296,10,50,0.1111111111111111,0.03389830508474577,3,,0.5,,,0.0
TVA,2024,hampel,8783,0.02676499995868653,3,208,46,8524,0.014218009478672985,0.061224489795918366,0.023076923076923075,0.01819457856266497,211,50,0.014285714285714285,0.023166023166023165,3,,0.5,,,0.0625
TVA,2024,iqr,8783,0.012343600043095648,49,241,1,8492,0.16896551724137931,0.98,0.2882352941176471,0.40101273634748813,290,50,0.1695501730103806,0.28908554572271383,3,,0.5,,,1.0
TVA,2024,sentinel_v3_legacy,8783,0.3062972000334412,49,4,2,8728,0.9245283018867925,0.9607843137254902,0.9423076923076923,0.9421405263036065,53,50,0.9423076923076923,0.9514563106796117,3,,0.0,,,1.0
TVA,2024,sentinel_v2_legacy,8783,0.18493599991779774,49,4,2,8728,0.9245283018867925,0.9607843137254902,0.9423076923076923,0.9421405263036065,53,50,0.9423076923076923,0.9514563106796117,3,,0.0,,,1.0
TVA,2024,sentinel_v1_legacy,8783,0.06219480000436306,36,4,11,8728,0.9,0.7659574468085106,0.8275862068965516,0.8294491377205477,40,50,0.9230769230769231,0.8372093023255814,3,,0.0,,,0.8125
DUK,2023,sentinel_v3,8759,3.7589605000102893,46,2,1,8709,0.9583333333333334,0.9787234042553191,0.968421052631579,0.968303099587066,48,47,0.9583333333333334,0.968421052631579,0,1.0,0.75,1.0,1.0,1.0
DUK,2023,sentinel_v3_distance_neighbors,8759,3.6148551000515,46,2,1,8709,0.9583333333333334,0.9787234042553191,0.968421052631579,0.968303099587066,48,47,0.9583333333333334,0.968421052631579,0,1.0,0.75,1.0,1.0,1.0
DUK,2023,sentinel_v3_profile_neighbors,8759,3.6285725000780076,46,2,1,8709,0.9583333333333334,0.9787234042553191,0.968421052631579,0.968303099587066,48,47,0.9583333333333334,0.968421052631579,0,1.0,0.75,1.0,1.0,1.0
DUK,2023,sentinel_v3_profile_weather,8759,1.5898282000562176,46,2,1,8709,0.9583333333333334,0.9787234042553191,0.968421052631579,0.968303099587066,48,47,0.9583333333333334,0.968421052631579,0,1.0,0.75,1.0,1.0,1.0
DUK,2023,sentinel_v3_regime_only,8759,3.746962200035341,47,2,1,8708,0.9591836734693877,0.9791666666666666,0.9690721649484536,0.9689520247254558,49,47,0.9591836734693877,0.9690721649484536,0,1.0,0.75,1.0,1.0,1.0
DUK,2023,sentinel_v3_forgetting,8759,3.7658808999694884,44,3,2,8707,0.9361702127659575,0.9565217391304348,0.9462365591397849,0.9460048253740194,47,47,0.9361702127659575,0.9462365591397849,0,1.0,1.0,1.0,1.0,0.9393939393939394
DUK,2023,sentinel_v2,8759,1.4688251999905333,46,3,2,8707,0.9387755102040817,0.9583333333333334,0.9484536082474228,0.9482175489646072,49,47,0.9387755102040817,0.9484536082474228,0,0.5,0.75,1.0,1.0,1.0
DUK,2023,profile_residual,8759,1.3719688999699429,41,164,6,8548,0.2,0.8723404255319149,0.32539682539682546,0.4124372495009034,205,47,0.2,0.32539682539682546,0,0.5,1.0,1.0,0.0,1.0
DUK,2023,modified_zscore,8759,0.5077987000113353,38,43,9,8669,0.4691358024691358,0.8085106382978723,0.59375,0.6133126216852566,81,47,0.4691358024691358,0.59375,0,0.0,0.5,1.0,0.0,1.0
DUK,2023,relative_deviation,8759,0.010923399939201772,22,9,32,8694,0.7096774193548387,0.4074074074074074,0.5176470588235293,0.5356339130739687,31,47,0.7096774193548387,0.5176470588235293,0,1.0,1.0,1.0,0.0,0.18181818181818182
DUK,2023,teda_level,8759,0.07248690002597868,37,0,10,8712,1.0,0.7872340425531915,0.880952380952381,0.8867533243437773,37,47,1.0,0.880952380952381,0,0.0,0.25,1.0,0.0,1.0
DUK,2023,teda_level_robust,8759,0.07680079992860556,37,3,10,8709,0.925,0.7872340425531915,0.8505747126436781,0.8526256290188512,40,47,0.925,0.8505747126436781,0,0.0,0.25,1.0,0.0,1.0
DUK,2023,teda_diff,8759,0.07793769997078925,14,5,27,8705,0.7368421052631579,0.34146341463414637,0.46666666666666673,0.5001275632374358,19,47,0.7368421052631579,0.46666666666666673,0,1.0,0.75,1.0,0.0,0.36363636363636365
DUK,2023,autoencoder,8759,0.30151849996764213,55,8,6,8688,0.873015873015873,0.9016393442622951,0.8870967741935485,0.8864088798739824,63,47,0.873015873015873,0.8870967741935485,0,1.0,1.0,1.0,0.0,0.9696969696969697
DUK,2023,stuck_rule,8759,0.06578270008321851,4,0,42,8712,1.0,0.08695652173913043,0.16,0.2941756637709,4,47,1.0,0.16,0,0.0,0.0,0.0,1.0,0.0
DUK,2023,rolling_zscore,8759,0.02959799999371171,7,15,40,8697,0.3181818181818182,0.14893617021276595,0.20289855072463767,0.21486499536114936,22,47,0.3181818181818182,0.20289855072463767,0,0.5,0.75,1.0,0.0,0.0
DUK,2023,hampel,8759,0.02732649992685765,16,196,35,8510,0.07547169811320754,0.3137254901960784,0.12167300380228138,0.14417174048684783,212,47,0.07547169811320754,0.12167300380228138,0,1.0,0.5,1.0,0.0,0.15151515151515152
DUK,2023,iqr,8759,0.012392100063152611,39,386,8,8326,0.09176470588235294,0.8297872340425532,0.1652542372881356,0.2670681352793843,425,47,0.09176470588235294,0.1652542372881356,0,0.0,0.75,1.0,0.0,1.0
DUK,2023,sentinel_v3_legacy,8759,0.3210690999403596,47,2,1,8709,0.9591836734693877,0.9791666666666666,0.9690721649484536,0.9689520444303887,49,47,0.9591836734693877,0.9690721649484536,0,1.0,0.75,1.0,1.0,1.0
DUK,2023,sentinel_v2_legacy,8759,0.18899719999171793,47,3,2,8707,0.94,0.9591836734693877,0.9494949494949495,0.9492569158286537,50,47,0.94,0.9494949494949495,0,0.5,0.75,1.0,1.0,1.0
DUK,2023,sentinel_v1_legacy,8759,0.06305780005641282,48,5,1,8705,0.9056603773584906,0.9795918367346939,0.9411764705882353,0.941565272512485,53,47,0.9056603773584906,0.9411764705882353,0,1.0,0.75,1.0,1.0,1.0
DUK,2024,sentinel_v3,8783,3.8243110000621527,49,0,2,8732,1.0,0.9607843137254902,0.98,0.980083824771169,49,50,1.0,0.98,0,,0.0,,,1.0
DUK,2024,sentinel_v3_distance_neighbors,8783,3.6278181000379845,49,0,2,8732,1.0,0.9607843137254902,0.98,0.980083824771169,49,50,1.0,0.98,0,,0.0,,,1.0
DUK,2024,sentinel_v3_profile_neighbors,8783,3.6605433999793604,49,0,2,8732,1.0,0.9607843137254902,0.98,0.980083824771169,49,50,1.0,0.98,0,,0.0,,,1.0
DUK,2024,sentinel_v3_profile_weather,8783,1.6134019000455737,49,0,2,8732,1.0,0.9607843137254902,0.98,0.980083824771169,49,50,1.0,0.98,0,,0.0,,,1.0
DUK,2024,sentinel_v3_regime_only,8783,3.7993402000283822,49,0,2,8732,1.0,0.9607843137254902,0.98,0.980083824771169,49,50,1.0,0.98,0,,0.0,,,1.0
DUK,2024,sentinel_v3_forgetting,8783,3.8196241999976337,51,0,0,8732,1.0,1.0,1.0,1.0,51,50,1.0,1.0,0,,1.0,,,1.0
DUK,2024,sentinel_v2,8783,1.5107016999972984,49,3,2,8729,0.9423076923076923,0.9607843137254902,0.9514563106796117,0.9512153801951385,52,50,0.9423076923076923,0.9514563106796117,0,,0.0,,,1.0
DUK,2024,profile_residual,8783,1.409916700096801,50,241,0,8492,0.1718213058419244,1.0,0.29325513196480935,0.4087537691435183,291,50,0.1718213058419244,0.29325513196480935,0,,1.0,,,1.0
DUK,2024,modified_zscore,8783,0.5170530999312177,49,38,1,8695,0.5632183908045977,0.98,0.7153284671532847,0.7412092075999185,87,50,0.5632183908045977,0.7153284671532847,0,,0.5,,,1.0
DUK,2024,relative_deviation,8783,0.012058000080287457,10,4,42,8725,0.7142857142857143,0.19230769230769232,0.30303030303030304,0.36893933037430177,14,50,0.7142857142857143,0.30303030303030304,0,,1.0,,,0.125
DUK,2024,teda_level,8783,0.0741729000583291,38,3,9,8730,0.926829268292683,0.8085106382978723,0.8636363636363636,0.8649859136161611,41,50,0.926829268292683,0.8636363636363636,0,,0.0,,,0.8541666666666666
DUK,2024,teda_level_robust,8783,0.07622689998243004,48,3,2,8730,0.9411764705882353,0.96,0.9504950495049505,0.950255908854972,51,50,0.9411764705882353,0.9504950495049505,0,,0.0,,,1.0
DUK,2024,teda_diff,8783,0.07559680007398129,4,2,41,8730,0.6666666666666666,0.08888888888888889,0.1568627450980392,0.24226457466810772,6,50,0.6666666666666666,0.1568627450980392,0,,0.0,,,0.1875
DUK,2024,autoencoder,8783,0.30450159998144954,56,4,0,8723,0.9333333333333333,1.0,0.9655172413793104,0.9658703547511345,60,50,0.9333333333333333,0.9655172413793104,0,,1.0,,,1.0
DUK,2024,stuck_rule,8783,0.0646646999521181,0,0,50,8733,0.0,0.0,0.0,0.0,0,50,0.0,0.0,0,,0.0,,,0.0
DUK,2024,rolling_zscore,8783,0.03123779990710318,1,13,49,8720,0.07142857142857142,0.02,0.03125,0.03491136210937191,14,50,0.07142857142857142,0.03125,0,,0.5,,,0.0
DUK,2024,hampel,8783,0.02650709997396916,4,188,43,8544,0.020833333333333332,0.0851063829787234,0.03347280334728034,0.03171978475170943,192,50,0.020833333333333332,0.03347280334728034,0,,0.5,,,0.125
DUK,2024,iqr,8783,0.012681600055657327,49,270,1,8463,0.1536050156739812,0.98,0.26558265582655827,0.3816696805290596,319,50,0.1536050156739812,0.26558265582655827,0,,0.5,,,1.0
DUK,2024,sentinel_v3_legacy,8783,0.3003971000434831,49,0,2,8732,1.0,0.9607843137254902,0.98,0.980083824771169,49,50,1.0,0.98,0,,0.0,,,1.0
DUK,2024,sentinel_v2_legacy,8783,0.18843769992236048,49,3,2,8729,0.9423076923076923,0.9607843137254902,0.9514563106796117,0.9512153801951385,52,50,0.9423076923076923,0.9514563106796117,0,,0.0,,,1.0
DUK,2024,sentinel_v1_legacy,8783,0.06356529996264726,39,5,8,8727,0.8863636363636364,0.8297872340425532,0.8571428571428571,0.8568700319204794,44,50,0.8863636363636364,0.8571428571428571,0,,0.0,,,0.875
BPAT,2023,sentinel_v3,8759,4.261132200015709,48,0,0,8709,1.0,1.0,1.0,1.0,48,47,1.0,1.0,0,1.0,1.0,1.0,1.0,1.0
BPAT,2023,sentinel_v3_distance_neighbors,8759,3.626338900066912,47,0,1,8709,1.0,0.9791666666666666,0.9894736842105264,0.9894717014603375,47,47,1.0,0.9894736842105264,0,0.5,1.0,1.0,1.0,1.0
BPAT,2023,sentinel_v3_profile_neighbors,8759,4.129137399955653,46,0,2,8710,1.0,0.9583333333333334,0.9787234042553191,0.9788326364973846,46,47,1.0,0.9787234042553191,0,0.5,0.75,1.0,1.0,1.0
BPAT,2023,sentinel_v3_profile_weather,8759,1.629262899979949,46,0,2,8710,1.0,0.9583333333333334,0.9787234042553191,0.9788326364973846,46,47,1.0,0.9787234042553191,0,0.5,0.75,1.0,1.0,1.0
BPAT,2023,sentinel_v3_regime_only,8759,4.243209199979901,48,0,0,8709,1.0,1.0,1.0,1.0,48,47,1.0,1.0,0,1.0,1.0,1.0,1.0,1.0
BPAT,2023,sentinel_v3_forgetting,8759,4.245188100030646,49,2,0,8707,0.9607843137254902,1.0,0.98,0.9800835025743234,51,47,0.9607843137254902,0.98,0,1.0,1.0,1.0,1.0,1.0
BPAT,2023,sentinel_v2,8759,1.506532600033097,48,1,0,8708,0.9795918367346939,1.0,0.9896907216494846,0.9896864939620472,49,47,0.9795918367346939,0.9896907216494846,0,1.0,1.0,1.0,1.0,1.0
BPAT,2023,profile_residual,8759,1.4280395000241697,45,234,1,8478,0.16129032258064516,0.9782608695652174,0.27692307692307694,0.39158603951772264,279,47,0.16129032258064516,0.27692307692307694,0,1.0,1.0,1.0,0.8,1.0
BPAT,2023,modified_zscore,8759,0.5240297999698669,41,19,6,8693,0.6833333333333333,0.8723404255319149,0.766355140186916,0.7707196832652322,60,47,0.6833333333333333,0.766355140186916,0,1.0,0.75,1.0,0.0,1.0
BPAT,2023,relative_deviation,8759,0.02176490006968379,23,10,32,8692,0.696969696969697,0.41818181818181815,0.5227272727272727,0.5377075703824001,33,47,0.696969696969697,0.5227272727272727,0,1.0,1.0,1.0,0.0,0.18181818181818182
BPAT,2023,teda_level,8759,0.09473909996449947,40,1,7,8711,0.975609756097561,0.851063829787234,0.9090909090909092,0.9107749078683757,41,47,0.975609756097561,0.9090909090909092,0,1.0,0.5,1.0,0.0,1.0
BPAT,2023,teda_level_robust,8759,0.092544199898839,41,2,6,8710,0.9534883720930233,0.8723404255319149,0.9111111111111112,0.9115630585823424,43,47,0.9534883720930233,0.9111111111111112,0,1.0,0.75,1.0,0.0,1.0
BPAT,2023,teda_diff,8759,0.09172749996650964,13,2,29,8707,0.8666666666666667,0.30952380952380953,0.45614035087719296,0.51674772223438,15,47,0.8666666666666667,0.45614035087719296,0,1.0,1.0,1.0,0.0,0.2727272727272727
BPAT,2023,autoencoder,8759,0.30948369996622205,57,12,5,8683,0.8260869565217391,0.9193548387096774,0.8702290076335878,0.8705163150623462,69,47,0.8260869565217391,0.8702290076335878,0,1.0,1.0,1.0,0.0,1.0
BPAT,2023,stuck_rule,8759,0.088019699905999,4,0,42,8712,1.0,0.08695652173913043,0.16,0.2941756637709,4,47,1.0,0.16,0,0.0,0.0,0.0,1.0,0.0
BPAT,2023,rolling_zscore,8759,0.037520900019444525,9,1,38,8711,0.9,0.19148936170212766,0.3157894736842105,0.41401197120471356,10,47,0.9,0.3157894736842105,0,1.0,1.0,1.0,0.0,0.0
BPAT,2023,hampel,8759,0.0331609999993816,13,241,33,8469,0.051181102362204724,0.2826086956521739,0.08666666666666666,0.10981140772990138,254,47,0.051181102362204724,0.08666666666666666,0,1.0,1.0,1.0,0.2,0.12121212121212122
BPAT,2023,iqr,8759,0.017624900094233453,41,42,6,8670,0.4939759036144578,0.8723404255319149,0.6307692307692309,0.654166476600161,83,47,0.4939759036144578,0.6307692307692309,0,1.0,0.75,1.0,0.0,1.0
BPAT,2023,sentinel_v3_legacy,8759,0.3446567999199033,49,0,0,8709,1.0,1.0,1.0,1.0,49,47,1.0,1.0,0,1.0,1.0,1.0,1.0,1.0
BPAT,2023,sentinel_v2_legacy,8759,0.18608919996768236,49,1,0,8708,0.98,1.0,0.98989898989899,0.9898926571751911,50,47,0.98,0.98989898989899,0,1.0,1.0,1.0,1.0,1.0
BPAT,2023,sentinel_v1_legacy,8759,0.06389200000558048,49,3,0,8706,0.9423076923076923,1.0,0.9702970297029703,0.9705581355135903,52,47,0.9423076923076923,0.9702970297029703,0,1.0,1.0,1.0,1.0,1.0
BPAT,2024,sentinel_v3,8783,4.312646200065501,50,0,1,8732,1.0,0.9803921568627451,0.99009900990099,0.9900908513535436,50,50,1.0,0.99009900990099,0,,0.5,,,1.0
BPAT,2024,sentinel_v3_distance_neighbors,8783,3.6661419000010937,50,0,1,8732,1.0,0.9803921568627451,0.99009900990099,0.9900908513535436,50,50,1.0,0.99009900990099,0,,0.5,,,1.0
BPAT,2024,sentinel_v3_profile_neighbors,8783,4.10843559994828,50,0,1,8732,1.0,0.9803921568627451,0.99009900990099,0.9900908513535436,50,50,1.0,0.99009900990099,0,,0.5,,,1.0
BPAT,2024,sentinel_v3_profile_weather,8783,1.6223633999470621,50,0,1,8732,1.0,0.9803921568627451,0.99009900990099,0.9900908513535436,50,50,1.0,0.99009900990099,0,,0.5,,,1.0
BPAT,2024,sentinel_v3_regime_only,8783,4.318688999977894,50,0,1,8732,1.0,0.9803921568627451,0.99009900990099,0.9900908513535436,50,50,1.0,0.99009900990099,0,,0.5,,,1.0
BPAT,2024,sentinel_v3_forgetting,8783,4.284213000093587,51,4,0,8728,0.9272727272727272,1.0,0.9622641509433962,0.9627294310222534,55,50,0.9272727272727272,0.9622641509433962,0,,1.0,,,1.0
BPAT,2024,sentinel_v2,8783,1.5010501999640837,50,0,1,8732,1.0,0.9803921568627451,0.99009900990099,0.9900908513535436,50,50,1.0,0.99009900990099,0,,0.5,,,1.0
BPAT,2024,profile_residual,8783,1.3995685999980196,50,151,0,8582,0.24875621890547264,1.0,0.39840637450199207,0.49442394837271636,201,50,0.24875621890547264,0.39840637450199207,0,,1.0,,,1.0
BPAT,2024,modified_zscore,8783,0.5215689999749884,49,2,1,8731,0.9607843137254902,0.98,0.9702970297029702,0.9701733801042578,51,50,0.9607843137254902,0.9702970297029702,0,,0.5,,,1.0
BPAT,2024,relative_deviation,8783,0.01873030001297593,10,6,42,8723,0.625,0.19230769230769232,0.29411764705882354,0.34473830901843466,16,50,0.625,0.29411764705882354,0,,1.0,,,0.125
BPAT,2024,teda_level,8783,0.09187190001830459,41,0,7,8733,1.0,0.8541666666666666,0.9213483146067416,0.9238411938679798,41,50,1.0,0.9213483146067416,0,,0.0,,,0.8958333333333334
BPAT,2024,teda_level_robust,8783,0.09291339991614223,48,0,2,8733,1.0,0.96,0.9795918367346939,0.9796837217282666,48,50,1.0,0.9795918367346939,0,,0.0,,,1.0
BPAT,2024,teda_diff,8783,0.0919636000180617,3,1,46,8731,0.75,0.061224489795918366,0.11320754716981131,0.21333588731317762,4,50,0.75,0.11320754716981131,0,,0.5,,,0.0625
BPAT,2024,autoencoder,8783,0.3103978999424726,55,4,0,8724,0.9322033898305084,1.0,0.9649122807017544,0.9652855357589932,59,50,0.9322033898305084,0.9649122807017544,0,,1.0,,,1.0
BPAT,2024,stuck_rule,8783,0.08273100003134459,0,0,50,8733,0.0,0.0,0.0,0.0,0,50,0.0,0.0,0,,0.0,,,0.0
BPAT,2024,rolling_zscore,8783,0.03375980001874268,2,1,48,8732,0.6666666666666666,0.04,0.07547169811320754,0.1623954281144923,3,50,0.6666666666666666,0.07547169811320754,0,,1.0,,,0.0
BPAT,2024,hampel,8783,0.032902900013141334,3,214,46,8518,0.013824884792626729,0.061224489795918366,0.02255639097744361,0.0176178571895809,217,50,0.013824884792626729,0.02255639097744361,0,,0.5,,,0.0625
BPAT,2024,iqr,8783,0.01743730006273836,50,138,0,8595,0.26595744680851063,1.0,0.42016806722689076,0.5116197344697139,188,50,0.26595744680851063,0.42016806722689076,0,,1.0,,,1.0
BPAT,2024,sentinel_v3_legacy,8783,0.34355170000344515,50,0,1,8732,1.0,0.9803921568627451,0.99009900990099,0.9900908513535436,50,50,1.0,0.99009900990099,0,,0.5,,,1.0
BPAT,2024,sentinel_v2_legacy,8783,0.18715000001247972,50,0,1,8732,1.0,0.9803921568627451,0.99009900990099,0.9900908513535436,50,50,1.0,0.99009900990099,0,,0.5,,,1.0
BPAT,2024,sentinel_v1_legacy,8783,0.0626317000715062,43,1,6,8731,0.9772727272727273,0.8775510204081632,0.9247311827956989,0.9256847165790275,44,50,0.9772727272727273,0.9247311827956989,0,,0.5,,,0.8958333333333334
