detector,precision,precision_adj,recall,f1,f1_adj,mcc,seconds,recall_spike,recall_dip,recall_zero,recall_stuck,recall_scale,series
sentinel_v3_legacy,0.9152142133288983,0.976649295615682,0.9724473576664708,0.9237537367125626,0.9743269243159591,0.9311705808086124,0.29074247998651115,0.95,0.7125,1.0,1.0,0.9885416666666667,20
sentinel_v3,0.916777856183596,0.9764055134874463,0.9722736711705959,0.9250809467800366,0.9741149898674777,0.9322725181991789,3.3955954650067723,0.95,0.7125,1.0,1.0,0.9885416666666667,20
sentinel_v3_distance_neighbors,0.9167582483404585,0.976385905644309,0.9712515080500286,0.9245549708128203,0.9735890139002615,0.9317462472993988,2.6604448700207284,0.9,0.7,1.0,1.0,0.9885416666666667,20
sentinel_v2_legacy,0.9004807057991325,0.9619157880859165,0.9840336134453782,0.9219843100471101,0.9725574976505065,0.9294830436566478,0.1898797650123015,0.95,0.7,1.0,1.0,1.0,20
sentinel_v3_profile_weather,0.9177121081452502,0.9773397654491005,0.9680163204967464,0.923391124706874,0.9724251677943151,0.930588377436772,1.615476015006425,0.85,0.675,1.0,1.0,0.9885416666666667,20
sentinel_v2,0.9018424450214326,0.9614701023252831,0.9838848039215685,0.923214655947073,0.972248699034514,0.9304923117267743,1.4979361400008202,0.95,0.7,1.0,1.0,1.0,20
sentinel_v3_profile_neighbors,0.9158963265350734,0.9755588453887686,0.9691672111027575,0.9229966817973206,0.9720396941184596,0.9302224018001679,3.2622165900014806,0.9,0.675,1.0,1.0,0.9885416666666667,20
sentinel_v3_regime_only,0.908497761707489,0.9681254190113394,0.9744652648293359,0.9218695326761784,0.9709035757636195,0.9291255473532525,3.404809574986575,1.0,0.725,1.0,1.0,0.9885416666666667,20
sentinel_v3_forgetting,0.8832652587345148,0.9410030866745485,0.9562683099758559,0.8986706564051097,0.9471046681690876,0.9065036227984177,3.404629960010061,0.95,0.9875,1.0,1.0,0.9527462121212121,20
sentinel_v1_legacy,0.8679437792585526,0.9279746039798852,0.923469387755102,0.8733004834270945,0.9233032624119224,0.8815368404462924,0.06264473000192083,1.0,0.6125,1.0,1.0,0.94375,20
autoencoder,0.8843085590516919,0.890409622807238,0.9344864053885169,0.9080988069295369,0.9109096696012543,0.9081365174972807,0.30133013999438846,0.9,0.9,0.9,0.04,0.9839015151515152,20
teda_level,0.9739322336273556,0.9765406347113664,0.8180733463598205,0.8881696819514445,0.8892064001216251,0.8915569462142692,0.07069230500492267,0.6,0.2125,1.0,0.0,0.9260416666666667,20
teda_level_robust,0.8141746140423045,0.8157370634535868,0.9095815602836879,0.8419547465279885,0.8427977739437551,0.8504165798160791,0.07199443496647291,0.65,0.4625,1.0,0.0,1.0,20
modified_zscore,0.6726570209210949,0.6733593135862088,0.9197872340425531,0.7581019161004392,0.7586185184253973,0.7749560673244302,0.5159723649907392,0.8,0.6,1.0,0.0,1.0,20
relative_deviation,0.6898149644369246,0.6990198410460506,0.3000198159632122,0.40761572154040104,0.40823629268227757,0.44595215622743145,0.011019360000500456,1.0,1.0,1.0,0.0,0.1534090909090909,20
profile_residual,0.22689297258364052,0.22966242180208116,0.9500814061054579,0.3626808405954781,0.36632146187489834,0.455820077650829,1.3794150950096082,0.9,0.9375,1.0,0.16,1.0,20
teda_diff,0.7188361528822055,0.7214668718364539,0.1943135528969015,0.28865243752808006,0.28726359894787823,0.35309629719951313,0.0715065800177399,1.0,0.6125,1.0,0.0,0.20416666666666666,20
iqr,0.1673772182008287,0.16744592184378998,0.9314556737588653,0.2727182621014862,0.27282873922276435,0.37521746805852285,0.010157950001303106,0.6,0.775,1.0,0.1,1.0,20
rolling_zscore,0.6812193362193362,0.6867748917748917,0.10642553191489361,0.17644569551176098,0.17675589898654961,0.253244305603767,0.028213074989616872,0.95,0.85,1.0,0.0,0.0,20
hampel,0.07149342036668274,0.07165576679414452,0.20459544665566165,0.10129249283052481,0.101503120977289,0.10906326553821269,0.02473566001281142,0.95,0.725,1.0,0.08,0.1478219696969697,20
stuck_rule,0.4580071492403932,0.55,0.05368234250221828,0.07963282614118235,0.09694915254237288,0.14057449498994803,0.061953219992574304,0.0,0.0,0.0,1.0,0.011458333333333333,20
