ba,year,detector,hours,seconds,tp,fp,fn,tn,precision,recall,f1,mcc,flagged,labelled,precision_adj,f1_adj,raw_fault_readings,recall_spike,recall_dip,recall_zero,recall_stuck,recall_scale,recall_feeder_loss
PJM,2023,sentinel_v3,8735,3.84983540000394,39,2,48,8644,0.9512195121951219,0.4482758620689655,0.609375,0.6509335333942321,41,87,0.9512195121951219,0.609375,0,1.0,1.0,1.0,1.0,1.0,0.0
PJM,2023,sentinel_v3_distance_neighbors,8735,1.7985286000184715,37,2,48,8646,0.9487179487179487,0.43529411764705883,0.5967741935483871,0.6405856161260634,39,87,0.9487179487179487,0.5967741935483871,0,1.0,1.0,1.0,1.0,1.0,0.0
PJM,2023,sentinel_v3_profile_neighbors,8735,3.7060077999485657,36,2,49,8646,0.9473684210526315,0.4235294117647059,0.5853658536585366,0.6313745566300214,38,87,0.9473684210526315,0.5853658536585366,0,0.5,1.0,1.0,1.0,1.0,0.0
PJM,2023,sentinel_v3_profile_weather,8735,1.649146300042048,37,2,48,8646,0.9487179487179487,0.43529411764705883,0.5967741935483871,0.6405856161260634,39,87,0.9487179487179487,0.5967741935483871,0,1.0,1.0,1.0,1.0,1.0,0.0
PJM,2023,sentinel_v3_regime_only,8735,3.822267599985935,39,2,48,8644,0.9512195121951219,0.4482758620689655,0.609375,0.6509335333942321,41,87,0.9512195121951219,0.609375,0,1.0,1.0,1.0,1.0,1.0,0.0
PJM,2023,sentinel_v3_forgetting,8735,3.8234118000837043,39,4,48,8642,0.9069767441860465,0.4482758620689655,0.6,0.6353602441550631,43,87,0.9069767441860465,0.6,0,1.0,1.0,1.0,1.0,1.0,0.0
PJM,2023,sentinel_v2,8735,1.4900707999477163,39,3,48,8643,0.9285714285714286,0.4482758620689655,0.6046511627906977,0.6430086078698142,42,87,0.9285714285714286,0.6046511627906977,0,1.0,1.0,1.0,1.0,1.0,0.0
PJM,2023,profile_residual,8735,1.3750913999974728,25,73,62,8575,0.25510204081632654,0.28735632183908044,0.2702702702702703,0.26296317791861323,98,87,0.25510204081632654,0.2702702702702703,0,1.0,1.0,1.0,0.0,1.0,0.0
PJM,2023,modified_zscore,8735,0.5195556000107899,25,20,62,8628,0.5555555555555556,0.28735632183908044,0.3787878787878788,0.39537817255264013,45,87,0.5555555555555556,0.3787878787878788,0,1.0,1.0,1.0,0.0,1.0,0.0
PJM,2023,relative_deviation,8735,0.016271700034849346,18,9,73,8633,0.6666666666666666,0.1978021978021978,0.30508474576271183,0.3598944355897316,27,87,0.6666666666666666,0.30508474576271183,0,1.0,1.0,1.0,0.0,0.35294117647058826,0.0
PJM,2023,teda_level,8735,0.07467900007031858,24,19,63,8629,0.5581395348837209,0.27586206896551724,0.36923076923076925,0.38827791062973604,43,87,0.5581395348837209,0.36923076923076925,0,0.5,1.0,1.0,0.0,1.0,0.0
PJM,2023,teda_level_robust,8735,0.07494279998354614,25,29,62,8619,0.46296296296296297,0.28735632183908044,0.35460992907801414,0.3597978408469028,54,87,0.46296296296296297,0.35460992907801414,0,1.0,1.0,1.0,0.0,1.0,0.0
PJM,2023,teda_diff,8735,0.07608170004095882,9,17,76,8629,0.34615384615384615,0.10588235294117647,0.16216216216216217,0.18725307734117594,26,87,0.34615384615384615,0.16216216216216217,0,1.0,1.0,1.0,0.0,0.17647058823529413,0.0
PJM,2023,autoencoder,8735,0.3021778999827802,25,10,72,8626,0.7142857142857143,0.25773195876288657,0.3787878787878788,0.42560932127981266,35,87,0.7142857142857143,0.3787878787878788,0,1.0,1.0,1.0,0.0,0.4117647058823529,0.0
PJM,2023,stuck_rule,8735,0.06570629996713251,13,0,71,8648,1.0,0.15476190476190477,0.2680412371134021,0.3917928758581828,13,87,1.0,0.2680412371134021,0,0.0,0.0,0.5,1.0,0.0,0.0
PJM,2023,rolling_zscore,8735,0.029016199987381697,8,2,79,8646,0.8,0.09195402298850575,0.16494845360824742,0.2693468139991943,10,87,0.8,0.16494845360824742,0,1.0,1.0,1.0,0.0,0.0,0.0
PJM,2023,hampel,8735,0.027999900048598647,12,159,76,8486,0.07017543859649122,0.13636363636363635,0.09266409266409267,0.08503843859715128,171,87,0.07017543859649122,0.09266409266409267,0,1.0,1.0,1.0,0.0,0.17647058823529413,0.0
PJM,2023,iqr,8735,0.011565700056962669,25,323,62,8325,0.07183908045977011,0.28735632183908044,0.11494252873563218,0.12693344774102117,348,87,0.07183908045977011,0.11494252873563218,0,1.0,1.0,1.0,0.0,1.0,0.0
PJM,2024,sentinel_v3,8737,3.8153646000428125,2,2,72,8661,0.5,0.02702702702702703,0.05128205128205129,0.11479179727156479,4,74,0.5,0.05128205128205129,0,,1.0,,,,0.0
PJM,2024,sentinel_v3_distance_neighbors,8737,1.7838422000641003,2,2,72,8661,0.5,0.02702702702702703,0.05128205128205129,0.11479179727156479,4,74,0.5,0.05128205128205129,0,,1.0,,,,0.0
PJM,2024,sentinel_v3_profile_neighbors,8737,3.693719999981113,2,2,72,8661,0.5,0.02702702702702703,0.05128205128205129,0.11479179727156479,4,74,0.5,0.05128205128205129,0,,1.0,,,,0.0
PJM,2024,sentinel_v3_profile_weather,8737,1.6150969000300393,2,2,72,8661,0.5,0.02702702702702703,0.05128205128205129,0.11479179727156479,4,74,0.5,0.05128205128205129,0,,1.0,,,,0.0
PJM,2024,sentinel_v3_regime_only,8737,3.8093310999684036,2,2,72,8661,0.5,0.02702702702702703,0.05128205128205129,0.11479179727156479,4,74,0.5,0.05128205128205129,0,,1.0,,,,0.0
PJM,2024,sentinel_v3_forgetting,8737,3.8140507999341935,2,2,72,8661,0.5,0.02702702702702703,0.05128205128205129,0.11479179727156479,4,74,0.5,0.05128205128205129,0,,1.0,,,,0.0
PJM,2024,sentinel_v2,8737,1.4991970000555739,2,6,72,8657,0.25,0.02702702702702703,0.04878048780487805,0.07978966443994012,8,74,0.25,0.04878048780487805,0,,1.0,,,,0.0
PJM,2024,profile_residual,8737,1.3712139000417665,2,110,72,8553,0.017857142857142856,0.02702702702702703,0.021505376344086023,0.011673144478232223,112,74,0.017857142857142856,0.021505376344086023,0,,1.0,,,,0.0
PJM,2024,modified_zscore,8737,0.5165465999161825,1,23,73,8640,0.041666666666666664,0.013513513513513514,0.020408163265306124,0.019012189694360204,24,74,0.041666666666666664,0.020408163265306124,0,,0.5,,,,0.0
PJM,2024,relative_deviation,8737,0.013135000015608966,4,3,72,8658,0.5714285714285714,0.05263157894736842,0.0963855421686747,0.1715984796620722,7,74,0.5714285714285714,0.0963855421686747,0,,1.0,,,,0.0
PJM,2024,teda_level,8737,0.07479730003979057,1,20,73,8643,0.047619047619047616,0.013513513513513514,0.021052631578947368,0.02096947663102192,21,74,0.047619047619047616,0.021052631578947368,0,,0.5,,,,0.0
PJM,2024,teda_level_robust,8737,0.07553179992828518,1,23,73,8640,0.041666666666666664,0.013513513513513514,0.020408163265306124,0.019012189694360204,24,74,0.041666666666666664,0.020408163265306124,0,,0.5,,,,0.0
PJM,2024,teda_diff,8737,0.07523800001945347,3,30,70,8633,0.09090909090909091,0.0410958904109589,0.056603773584905655,0.05584337528663921,33,74,0.09090909090909091,0.056603773584905655,0,,1.0,,,,0.027777777777777776
PJM,2024,autoencoder,8737,0.3013840999919921,5,2,72,8658,0.7142857142857143,0.06493506493506493,0.11904761904761903,0.21373718667995156,7,74,0.7142857142857143,0.11904761904761903,0,,1.0,,,,0.0
PJM,2024,stuck_rule,8737,0.06555019994266331,0,0,74,8663,0.0,0.0,0.0,0.0,0,74,0.0,0.0,0,,0.0,,,,0.0
PJM,2024,rolling_zscore,8737,0.02755170001182705,2,4,72,8659,0.3333333333333333,0.02702702702702703,0.05,0.0929302299093866,6,74,0.3333333333333333,0.05,0,,1.0,,,,0.0
PJM,2024,hampel,8737,0.02706280001439154,2,110,72,8553,0.017857142857142856,0.02702702702702703,0.021505376344086023,0.011673144478232223,112,74,0.017857142857142856,0.021505376344086023,0,,1.0,,,,0.0
PJM,2024,iqr,8737,0.011848599999211729,2,288,72,8375,0.006896551724137931,0.02702702702702703,0.010989010989010988,-0.0031808048964433026,290,74,0.006896551724137931,0.010989010989010988,0,,1.0,,,,0.0
MISO,2023,sentinel_v3,8760,3.7653797999955714,39,0,48,8671,1.0,0.4482758620689655,0.6190476190476191,0.6676885542715394,39,87,1.0,0.6190476190476191,0,1.0,1.0,1.0,1.0,1.0,0.0
MISO,2023,sentinel_v3_distance_neighbors,8760,1.7934473999775946,39,0,48,8671,1.0,0.4482758620689655,0.6190476190476191,0.6676885542715394,39,87,1.0,0.6190476190476191,0,1.0,1.0,1.0,1.0,1.0,0.0
MISO,2023,sentinel_v3_profile_neighbors,8760,3.6839386000065133,38,0,49,8671,1.0,0.4367816091954023,0.608,0.6590350651713324,38,87,1.0,0.608,0,0.5,1.0,1.0,1.0,1.0,0.0
MISO,2023,sentinel_v3_profile_weather,8760,1.630021599936299,39,0,48,8671,1.0,0.4482758620689655,0.6190476190476191,0.6676885542715394,39,87,1.0,0.6190476190476191,0,1.0,1.0,1.0,1.0,1.0,0.0
MISO,2023,sentinel_v3_regime_only,8760,3.7212616000324488,39,4,48,8667,0.9069767441860465,0.4482758620689655,0.6,0.6353667743370273,43,87,0.9069767441860465,0.6,0,1.0,1.0,1.0,1.0,1.0,0.0
MISO,2023,sentinel_v3_forgetting,8760,3.7311964000109583,39,0,48,8671,1.0,0.4482758620689655,0.6190476190476191,0.6676885542715394,39,87,1.0,0.6190476190476191,0,1.0,1.0,1.0,1.0,1.0,0.0
MISO,2023,sentinel_v2,8760,1.5044374000281096,39,5,48,8666,0.8863636363636364,0.4482758620689655,0.5954198473282443,0.6279794732660892,44,87,0.8863636363636364,0.5954198473282443,0,1.0,1.0,1.0,1.0,1.0,0.0
MISO,2023,profile_residual,8760,1.3686061999760568,27,99,58,8574,0.21428571428571427,0.3176470588235294,0.2559241706161137,0.2521181879707187,126,87,0.21428571428571427,0.2559241706161137,0,1.0,1.0,1.0,0.0,1.0,0.08333333333333333
MISO,2023,modified_zscore,8760,0.5035537999356166,25,0,62,8673,1.0,0.28735632183908044,0.4464285714285714,0.5341504474871267,25,87,1.0,0.4464285714285714,0,1.0,1.0,1.0,0.0,1.0,0.0
MISO,2023,relative_deviation,8760,0.009087100042961538,20,7,73,8658,0.7407407407407407,0.21505376344086022,0.3333333333333333,0.39611786828852225,27,87,0.7407407407407407,0.3333333333333333,0,1.0,1.0,1.0,0.0,0.35294117647058826,0.0
MISO,2023,teda_level,8760,0.06856679997872561,25,13,62,8660,0.6578947368421053,0.28735632183908044,0.4,0.43131436777950405,38,87,0.6578947368421053,0.4,0,1.0,1.0,1.0,0.0,1.0,0.0
MISO,2023,teda_level_robust,8760,0.0718506999546662,25,37,62,8636,0.4032258064516129,0.28735632183908044,0.3355704697986577,0.3348602534034541,62,87,0.4032258064516129,0.3355704697986577,0,1.0,1.0,1.0,0.0,1.0,0.0
MISO,2023,teda_diff,8760,0.07225319999270141,10,8,75,8662,0.5555555555555556,0.11764705882352941,0.1941747572815534,0.2526754257904694,18,87,0.5555555555555556,0.1941747572815534,0,1.0,1.0,1.0,0.07142857142857142,0.17647058823529413,0.0
MISO,2023,autoencoder,8760,0.2986890999600291,26,10,72,8650,0.7222222222222222,0.2653061224489796,0.3880597014925374,0.4342757604276118,36,87,0.7222222222222222,0.3880597014925374,0,1.0,1.0,1.0,0.0,0.4117647058823529,0.0
MISO,2023,stuck_rule,8760,0.06168329995125532,13,0,71,8673,1.0,0.15476190476190477,0.2680412371134021,0.39179747414988364,13,87,1.0,0.2680412371134021,0,0.0,0.0,0.5,1.0,0.0,0.0
MISO,2023,rolling_zscore,8760,0.025341000058688223,8,2,79,8671,0.8,0.09195402298850575,0.16494845360824742,0.2693521975949783,10,87,0.8,0.16494845360824742,0,1.0,1.0,1.0,0.0,0.0,0.0
MISO,2023,hampel,8760,0.023606800008565187,13,187,76,8482,0.065,0.14606741573033707,0.08996539792387544,0.08358624417791123,200,87,0.065,0.08996539792387544,0,1.0,1.0,1.0,0.0,0.17647058823529413,0.0
MISO,2023,iqr,8760,0.008701900020241737,25,470,62,8203,0.050505050505050504,0.28735632183908044,0.0859106529209622,0.10013454238079503,495,87,0.050505050505050504,0.0859106529209622,0,1.0,1.0,1.0,0.0,1.0,0.0
MISO,2024,sentinel_v3,8760,3.7417211999418214,2,0,72,8686,1.0,0.02702702702702703,0.052631578947368425,0.16372182612710715,2,74,1.0,0.052631578947368425,0,,1.0,,,,0.0
MISO,2024,sentinel_v3_distance_neighbors,8760,1.7919714999152347,2,0,72,8686,1.0,0.02702702702702703,0.052631578947368425,0.16372182612710715,2,74,1.0,0.052631578947368425,0,,1.0,,,,0.0
MISO,2024,sentinel_v3_profile_neighbors,8760,3.600760899949819,2,0,72,8686,1.0,0.02702702702702703,0.052631578947368425,0.16372182612710715,2,74,1.0,0.052631578947368425,0,,1.0,,,,0.0
MISO,2024,sentinel_v3_profile_weather,8760,1.618955000070855,2,0,72,8686,1.0,0.02702702702702703,0.052631578947368425,0.16372182612710715,2,74,1.0,0.052631578947368425,0,,1.0,,,,0.0
MISO,2024,sentinel_v3_regime_only,8760,3.7403087000129744,2,0,72,8686,1.0,0.02702702702702703,0.052631578947368425,0.16372182612710715,2,74,1.0,0.052631578947368425,0,,1.0,,,,0.0
MISO,2024,sentinel_v3_forgetting,8760,3.792205600067973,2,0,72,8686,1.0,0.02702702702702703,0.052631578947368425,0.16372182612710715,2,74,1.0,0.052631578947368425,0,,1.0,,,,0.0
MISO,2024,sentinel_v2,8760,1.4965014999033883,2,3,72,8683,0.4,0.02702702702702703,0.05063291139240506,0.10224104379603245,5,74,0.4,0.05063291139240506,0,,1.0,,,,0.0
MISO,2024,profile_residual,8760,1.3855983999092132,2,155,72,8531,0.012738853503184714,0.02702702702702703,0.01731601731601732,0.006334300246533884,157,74,0.012738853503184714,0.01731601731601732,0,,1.0,,,,0.0
MISO,2024,modified_zscore,8760,0.5184107000241056,1,0,73,8686,1.0,0.013513513513513514,0.026666666666666665,0.11576220473069851,1,74,1.0,0.026666666666666665,0,,0.5,,,,0.0
MISO,2024,relative_deviation,8760,0.009046400082297623,4,2,72,8682,0.6666666666666666,0.05263157894736842,0.09756097560975609,0.1857503422632712,6,74,0.6666666666666666,0.09756097560975609,0,,1.0,,,,0.0
MISO,2024,teda_level,8760,0.07038069993723184,1,0,73,8686,1.0,0.013513513513513514,0.026666666666666665,0.11576220473069851,1,74,1.0,0.026666666666666665,0,,0.5,,,,0.0
MISO,2024,teda_level_robust,8760,0.07255160005297512,1,0,73,8686,1.0,0.013513513513513514,0.026666666666666665,0.11576220473069851,1,74,1.0,0.026666666666666665,0,,0.5,,,,0.0
MISO,2024,teda_diff,8760,0.07010740006808192,3,15,70,8671,0.16666666666666666,0.0410958904109589,0.06593406593406594,0.07903302801136351,18,74,0.16666666666666666,0.06593406593406594,0,,1.0,,,,0.027777777777777776
MISO,2024,autoencoder,8760,0.30090809997636825,6,1,72,8681,0.8571428571428571,0.07692307692307693,0.1411764705882353,0.25534983231598424,7,74,0.8571428571428571,0.1411764705882353,0,,1.0,,,,0.0
MISO,2024,stuck_rule,8760,0.06180810008663684,0,0,74,8686,0.0,0.0,0.0,0.0,0,74,0.0,0.0,0,,0.0,,,,0.0
MISO,2024,rolling_zscore,8760,0.024534599971957505,1,2,73,8684,0.3333333333333333,0.013513513513513514,0.025974025974025972,0.06570404025143371,3,74,0.3333333333333333,0.025974025974025972,0,,0.5,,,,0.0
MISO,2024,hampel,8760,0.023851400008425117,2,186,73,8499,0.010638297872340425,0.02666666666666667,0.015209125475285171,0.003338032472160786,188,74,0.010638297872340425,0.015209125475285171,0,,0.5,,,,0.0
MISO,2024,iqr,8760,0.009781199973076582,1,333,73,8353,0.0029940119760479044,0.013513513513513514,0.004901960784313726,-0.011863539878684742,334,74,0.0029940119760479044,0.004901960784313726,0,,0.5,,,,0.0
ERCO,2023,sentinel_v3,8759,1.7764253999339417,38,2,48,8669,0.95,0.4418604651162791,0.6031746031746031,0.6458455653078504,40,87,0.95,0.6031746031746031,0,1.0,1.0,1.0,1.0,1.0,0.0
ERCO,2023,sentinel_v3_distance_neighbors,8759,1.770178999984637,38,2,48,8669,0.95,0.4418604651162791,0.6031746031746031,0.6458455653078504,40,87,0.95,0.6031746031746031,0,1.0,1.0,1.0,1.0,1.0,0.0
ERCO,2023,sentinel_v3_profile_neighbors,8759,1.6393960999557748,39,8,48,8662,0.8297872340425532,0.4482758620689655,0.582089552238806,0.6072417995829504,47,87,0.8297872340425532,0.582089552238806,0,1.0,1.0,1.0,1.0,1.0,0.0
ERCO,2023,sentinel_v3_profile_weather,8759,1.5879222000949085,38,2,48,8669,0.95,0.4418604651162791,0.6031746031746031,0.6458455653078504,40,87,0.95,0.6031746031746031,0,1.0,1.0,1.0,1.0,1.0,0.0
ERCO,2023,sentinel_v3_regime_only,8759,1.7707290999824181,39,8,48,8662,0.8297872340425532,0.4482758620689655,0.582089552238806,0.6072417995829504,47,87,0.8297872340425532,0.582089552238806,0,1.0,1.0,1.0,1.0,1.0,0.0
ERCO,2023,sentinel_v3_forgetting,8759,1.7793181000743061,38,2,48,8669,0.95,0.4418604651162791,0.6031746031746031,0.6458455653078504,40,87,0.95,0.6031746031746031,0,1.0,1.0,1.0,1.0,1.0,0.0
ERCO,2023,sentinel_v2,8759,1.4738760000327602,39,11,48,8659,0.78,0.4482758620689655,0.5693430656934306,0.5883887232111095,50,87,0.78,0.5693430656934306,0,1.0,1.0,1.0,1.0,1.0,0.0
ERCO,2023,profile_residual,8759,1.3567080000648275,28,168,57,8504,0.14285714285714285,0.32941176470588235,0.199288256227758,0.20549215192308418,196,87,0.14285714285714285,0.199288256227758,0,1.0,1.0,1.0,0.35714285714285715,1.0,0.0
ERCO,2023,modified_zscore,8759,0.5109544999431819,25,71,62,8601,0.2604166666666667,0.28735632183908044,0.27322404371584696,0.2658990340885984,96,87,0.2604166666666667,0.27322404371584696,0,1.0,1.0,1.0,0.0,1.0,0.0
ERCO,2023,relative_deviation,8759,0.005847099935635924,20,7,73,8657,0.7407407407407407,0.21505376344086022,0.3333333333333333,0.39611752308955156,27,87,0.7407407407407407,0.3333333333333333,0,1.0,1.0,1.0,0.0,0.35294117647058826,0.0
ERCO,2023,teda_level,8759,0.05901189998257905,7,17,80,8655,0.2916666666666667,0.08045977011494253,0.12612612612612611,0.14891852739392367,24,87,0.2916666666666667,0.12612612612612611,0,1.0,0.5,1.0,0.0,0.0,0.0
ERCO,2023,teda_level_robust,8759,0.059334499994292855,7,23,80,8649,0.23333333333333334,0.08045977011494253,0.11965811965811966,0.13206817036723317,30,87,0.23333333333333334,0.11965811965811966,0,1.0,0.5,1.0,0.0,0.0,0.0
ERCO,2023,teda_diff,8759,0.05813349992968142,11,11,74,8657,0.5,0.12941176470588237,0.20560747663551404,0.25096869301809066,22,87,0.5,0.20560747663551404,0,1.0,1.0,1.0,0.07142857142857142,0.17647058823529413,0.020833333333333332
ERCO,2023,autoencoder,8759,0.29542009998112917,22,4,74,8657,0.8461538461538461,0.22916666666666666,0.360655737704918,0.4376997485368206,26,87,0.8461538461538461,0.360655737704918,0,1.0,1.0,1.0,0.0,0.29411764705882354,0.0
ERCO,2023,stuck_rule,8759,0.04884100006893277,13,0,71,8672,1.0,0.15476190476190477,0.2680412371134021,0.39179729072415126,13,87,1.0,0.2680412371134021,0,0.0,0.0,0.5,1.0,0.0,0.0
ERCO,2023,rolling_zscore,8759,0.02357959991786629,8,1,79,8671,0.8888888888888888,0.09195402298850575,0.16666666666666666,0.2842626179274436,9,87,0.8888888888888888,0.16666666666666666,0,1.0,1.0,1.0,0.0,0.0,0.0
ERCO,2023,hampel,8759,0.018726299982517958,9,134,78,8536,0.06293706293706294,0.10344827586206896,0.07826086956521738,0.06885655286536439,143,87,0.06293706293706294,0.07826086956521738,0,0.5,0.5,1.0,0.0,0.17647058823529413,0.0
ERCO,2023,iqr,8759,0.004660399979911745,24,332,63,8340,0.06741573033707865,0.27586206896551724,0.10835214446952597,0.11931174165661435,356,87,0.06741573033707865,0.10835214446952597,0,0.5,1.0,1.0,0.0,1.0,0.0
ERCO,2024,sentinel_v3,8783,1.794733399990946,2,3,72,8706,0.4,0.02702702702702703,0.05063291139240506,0.10224560307723868,5,74,0.4,0.05063291139240506,0,,1.0,,,,0.0
ERCO,2024,sentinel_v3_distance_neighbors,8783,1.8008461000863463,2,3,72,8706,0.4,0.02702702702702703,0.05063291139240506,0.10224560307723868,5,74,0.4,0.05063291139240506,0,,1.0,,,,0.0
ERCO,2024,sentinel_v3_profile_neighbors,8783,1.6568736999761313,2,3,72,8706,0.4,0.02702702702702703,0.05063291139240506,0.10224560307723868,5,74,0.4,0.05063291139240506,0,,1.0,,,,0.0
ERCO,2024,sentinel_v3_profile_weather,8783,1.6102873000781983,2,3,72,8706,0.4,0.02702702702702703,0.05063291139240506,0.10224560307723868,5,74,0.4,0.05063291139240506,0,,1.0,,,,0.0
ERCO,2024,sentinel_v3_regime_only,8783,1.7917776999529451,2,3,72,8706,0.4,0.02702702702702703,0.05063291139240506,0.10224560307723868,5,74,0.4,0.05063291139240506,0,,1.0,,,,0.0
ERCO,2024,sentinel_v3_forgetting,8783,1.8089871000265703,2,3,72,8706,0.4,0.02702702702702703,0.05063291139240506,0.10224560307723868,5,74,0.4,0.05063291139240506,0,,1.0,,,,0.0
ERCO,2024,sentinel_v2,8783,1.5095876000123098,2,4,72,8705,0.3333333333333333,0.02702702702702703,0.05,0.092940673052466,6,74,0.3333333333333333,0.05,0,,1.0,,,,0.0
ERCO,2024,profile_residual,8783,1.36275939992629,2,138,72,8571,0.014285714285714285,0.02702702702702703,0.018691588785046728,0.008160146923630119,140,74,0.014285714285714285,0.018691588785046728,0,,1.0,,,,0.0
ERCO,2024,modified_zscore,8783,0.5110877999104559,1,5,73,8704,0.16666666666666666,0.013513513513513514,0.025,0.045265288668643495,6,74,0.16666666666666666,0.025,0,,0.5,,,,0.0
ERCO,2024,relative_deviation,8783,0.006174299982376397,4,2,72,8705,0.6666666666666666,0.05263157894736842,0.09756097560975609,0.18575446063645673,6,74,0.6666666666666666,0.09756097560975609,0,,1.0,,,,0.0
ERCO,2024,teda_level,8783,0.057103099999949336,1,3,73,8706,0.25,0.013513513513513514,0.025641025641025644,0.056415920270982106,4,74,0.25,0.025641025641025644,0,,0.5,,,,0.0
ERCO,2024,teda_level_robust,8783,0.058190600015223026,1,3,73,8706,0.25,0.013513513513513514,0.025641025641025644,0.056415920270982106,4,74,0.25,0.025641025641025644,0,,0.5,,,,0.0
ERCO,2024,teda_diff,8783,0.058235100004822016,2,8,72,8701,0.2,0.02702702702702703,0.047619047619047616,0.07076309421080683,10,74,0.2,0.047619047619047616,0,,1.0,,,,0.0
ERCO,2024,autoencoder,8783,0.29793030000291765,6,0,72,8705,1.0,0.07692307692307693,0.14285714285714288,0.2762101682364108,6,74,1.0,0.14285714285714288,0,,1.0,,,,0.0
ERCO,2024,stuck_rule,8783,0.04931349994149059,0,0,74,8709,0.0,0.0,0.0,0.0,0,74,0.0,0.0,0,,0.0,,,,0.0
ERCO,2024,rolling_zscore,8783,0.02160500001627952,2,2,72,8707,0.5,0.02702702702702703,0.05128205128205129,0.11479945128783563,4,74,0.5,0.05128205128205129,0,,1.0,,,,0.0
ERCO,2024,hampel,8783,0.020206000073812902,2,94,72,8615,0.020833333333333332,0.02702702702702703,0.023529411764705882,0.014270664078629284,96,74,0.020833333333333332,0.023529411764705882,0,,1.0,,,,0.0
ERCO,2024,iqr,8783,0.004913600045256317,1,132,73,8577,0.007518796992481203,0.013513513513513514,0.00966183574879227,-0.001229878135394999,133,74,0.007518796992481203,0.00966183574879227,0,,0.5,,,,0.0
CISO,2023,sentinel_v3,8757,3.859932400053367,40,36,48,8631,0.5263157894736842,0.45454545454545453,0.4878048780487805,0.48431122878721045,76,87,0.5263157894736842,0.4878048780487805,0,1.0,1.0,1.0,1.0,1.0,0.0
CISO,2023,sentinel_v3_distance_neighbors,8757,3.4807796999812126,40,35,48,8632,0.5333333333333333,0.45454545454545453,0.49079754601226994,0.48762608147831843,75,87,0.5333333333333333,0.49079754601226994,0,1.0,1.0,1.0,1.0,1.0,0.0
CISO,2023,sentinel_v3_profile_neighbors,8757,3.752792799961753,39,23,49,8644,0.6290322580645161,0.4431818181818182,0.5199999999999999,0.5240450707102552,62,87,0.6290322580645161,0.5199999999999999,0,0.5,1.0,1.0,1.0,1.0,0.0
CISO,2023,sentinel_v3_profile_weather,8757,1.6563810999505222,40,28,48,8639,0.5882352941176471,0.45454545454545453,0.5128205128205129,0.512821178119684,68,87,0.5882352941176471,0.5128205128205129,0,1.0,1.0,1.0,1.0,1.0,0.0
CISO,2023,sentinel_v3_regime_only,8757,3.8364318999229,40,38,48,8629,0.5128205128205128,0.45454545454545453,0.48192771084337344,0.4778719164811691,78,87,0.5128205128205128,0.48192771084337344,0,1.0,1.0,1.0,1.0,1.0,0.0
CISO,2023,sentinel_v3_forgetting,8757,3.921836100053042,38,0,48,8667,1.0,0.4418604651162791,0.6129032258064516,0.662892759223509,38,87,1.0,0.6129032258064516,0,1.0,1.0,1.0,1.0,1.0,0.0
CISO,2023,sentinel_v2,8757,1.624845699989237,40,39,48,8628,0.5063291139240507,0.45454545454545453,0.4790419161676646,0.47474343056550344,79,87,0.5063291139240507,0.4790419161676646,0,1.0,1.0,1.0,1.0,1.0,0.0
CISO,2023,profile_residual,8757,1.425847899983637,34,86,49,8584,0.2833333333333333,0.40963855421686746,0.33497536945812806,0.33314416526443874,120,87,0.2833333333333333,0.33497536945812806,0,1.0,1.0,1.0,0.5,1.0,0.125
CISO,2023,modified_zscore,8757,0.5304798000724986,25,92,62,8578,0.21367521367521367,0.28735632183908044,0.24509803921568624,0.23905574497848503,117,87,0.21367521367521367,0.24509803921568624,0,1.0,1.0,1.0,0.0,1.0,0.0
CISO,2023,relative_deviation,8757,0.010958299972116947,20,7,73,8655,0.7407407407407407,0.21505376344086022,0.3333333333333333,0.39611683245362794,27,87,0.7407407407407407,0.3333333333333333,0,1.0,1.0,1.0,0.0,0.35294117647058826,0.0
CISO,2023,teda_level,8757,0.07541990000754595,25,100,62,8570,0.2,0.28735632183908044,0.2358490566037736,0.2306151438201853,125,87,0.2,0.2358490566037736,0,1.0,1.0,1.0,0.0,1.0,0.0
CISO,2023,teda_level_robust,8757,0.07557990006171167,25,131,62,8539,0.16025641025641027,0.28735632183908044,0.205761316872428,0.2041244858216534,156,87,0.16025641025641027,0.205761316872428,0,1.0,1.0,1.0,0.0,1.0,0.0
CISO,2023,teda_diff,8757,0.07659019995480776,11,1,74,8665,0.9166666666666666,0.12941176470588237,0.2268041237113402,0.34267596843433445,12,87,0.9166666666666666,0.2268041237113402,0,1.0,1.0,1.0,0.14285714285714285,0.17647058823529413,0.0
CISO,2023,autoencoder,8757,0.30040339997503906,23,3,74,8655,0.8846153846153846,0.23711340206185566,0.37398373983739835,0.45545631520535196,26,87,0.8846153846153846,0.37398373983739835,0,1.0,1.0,1.0,0.0,0.29411764705882354,0.0
CISO,2023,stuck_rule,8757,0.06460150005295873,13,0,71,8670,1.0,0.15476190476190477,0.2680412371134021,0.3917969237465216,13,87,1.0,0.2680412371134021,0,0.0,0.0,0.5,1.0,0.0,0.0
CISO,2023,rolling_zscore,8757,0.027327200048603117,8,0,79,8670,1.0,0.09195402298850575,0.16842105263157897,0.301867047939032,8,87,1.0,0.16842105263157897,0,1.0,1.0,1.0,0.0,0.0,0.0
CISO,2023,hampel,8757,0.024279400007799268,11,103,76,8565,0.09649122807017543,0.12643678160919541,0.10945273631840796,0.10022934366408495,114,87,0.09649122807017543,0.10945273631840796,0,1.0,1.0,1.0,0.0,0.17647058823529413,0.0
CISO,2023,iqr,8757,0.009682700037956238,25,464,62,8206,0.05112474437627812,0.28735632183908044,0.08680555555555555,0.10100210479325213,489,87,0.05112474437627812,0.08680555555555555,0,1.0,1.0,1.0,0.0,1.0,0.0
CISO,2024,sentinel_v3,8735,3.816032800008543,2,23,72,8638,0.08,0.02702702702702703,0.0404040404040404,0.041812108484735225,25,74,0.08,0.0404040404040404,0,,1.0,,,,0.0
CISO,2024,sentinel_v3_distance_neighbors,8735,3.4391944999806583,2,23,72,8638,0.08,0.02702702702702703,0.0404040404040404,0.041812108484735225,25,74,0.08,0.0404040404040404,0,,1.0,,,,0.0
CISO,2024,sentinel_v3_profile_neighbors,8735,3.6935836999909952,2,20,72,8641,0.09090909090909091,0.02702702702702703,0.04166666666666667,0.04519755400516552,22,74,0.09090909090909091,0.04166666666666667,0,,1.0,,,,0.0
CISO,2024,sentinel_v3_profile_weather,8735,1.6375953999813646,2,20,72,8641,0.09090909090909091,0.02702702702702703,0.04166666666666667,0.04519755400516552,22,74,0.09090909090909091,0.04166666666666667,0,,1.0,,,,0.0
CISO,2024,sentinel_v3_regime_only,8735,3.8186512000393122,2,26,72,8635,0.07142857142857142,0.02702702702702703,0.0392156862745098,0.03895391822562503,28,74,0.07142857142857142,0.0392156862745098,0,,1.0,,,,0.0
CISO,2024,sentinel_v3_forgetting,8735,3.833400800009258,2,2,72,8659,0.5,0.02702702702702703,0.05128205128205129,0.11479146265250219,4,74,0.5,0.05128205128205129,0,,1.0,,,,0.0
CISO,2024,sentinel_v2,8735,1.507140800007619,2,25,72,8636,0.07407407407407407,0.02702702702702703,0.039603960396039604,0.0398570806386836,27,74,0.07407407407407407,0.039603960396039604,0,,1.0,,,,0.0
CISO,2024,profile_residual,8735,1.3816915999632329,2,121,72,8540,0.016260162601626018,0.02702702702702703,0.020304568527918784,0.010155872174833847,123,74,0.016260162601626018,0.020304568527918784,0,,1.0,,,,0.0
CISO,2024,modified_zscore,8735,0.5288543999195099,1,19,73,8642,0.05,0.013513513513513514,0.02127659574468085,0.02170645209195671,20,74,0.05,0.02127659574468085,0,,0.5,,,,0.0
CISO,2024,relative_deviation,8735,0.010779900010675192,4,2,72,8657,0.6666666666666666,0.05263157894736842,0.09756097560975609,0.18574584107904196,6,74,0.6666666666666666,0.09756097560975609,0,,1.0,,,,0.0
CISO,2024,teda_level,8735,0.07407410000450909,1,121,73,8540,0.00819672131147541,0.013513513513513514,0.01020408163265306,-0.0003570348440695405,122,74,0.00819672131147541,0.01020408163265306,0,,0.5,,,,0.0
CISO,2024,teda_level_robust,8735,0.0747626000083983,1,140,73,8521,0.0070921985815602835,0.013513513513513514,0.009302325581395349,-0.001927907836749403,141,74,0.0070921985815602835,0.009302325581395349,0,,0.5,,,,0.0
CISO,2024,teda_diff,8735,0.07494500000029802,2,16,72,8645,0.1111111111111111,0.02702702702702703,0.043478260869565216,0.05088971942223782,18,74,0.1111111111111111,0.043478260869565216,0,,1.0,,,,0.0
CISO,2024,autoencoder,8735,0.30048970005009323,5,0,72,8658,1.0,0.06493506493506493,0.12195121951219512,0.25377060114947403,5,74,1.0,0.12195121951219512,0,,1.0,,,,0.0
CISO,2024,stuck_rule,8735,0.06427590001840144,0,0,74,8661,0.0,0.0,0.0,0.0,0,74,0.0,0.0,0,,0.0,,,,0.0
CISO,2024,rolling_zscore,8735,0.02830450003966689,1,1,73,8660,0.5,0.013513513513513514,0.026315789473684213,0.08116052652254617,2,74,0.5,0.026315789473684213,0,,0.5,,,,0.0
CISO,2024,hampel,8735,0.026579400058835745,1,44,73,8617,0.022222222222222223,0.013513513513513514,0.01680672268907563,0.01079641758782522,45,74,0.022222222222222223,0.01680672268907563,0,,0.5,,,,0.0
CISO,2024,iqr,8735,0.012576399953104556,1,477,73,8184,0.0020920502092050207,0.013513513513513514,0.003623188405797101,-0.016747899299663888,478,74,0.0020920502092050207,0.003623188405797101,0,,0.5,,,,0.0
SWPP,2023,sentinel_v3,8759,3.689739999943413,33,31,52,8639,0.515625,0.38823529411764707,0.4429530201342282,0.4427625606096839,64,87,0.8918918918918919,0.5409836065573771,49,1.0,1.0,1.0,1.0,0.7058823529411765,0.020833333333333332
SWPP,2023,sentinel_v3_distance_neighbors,8759,1.7898925000336021,33,31,52,8639,0.515625,0.38823529411764707,0.4429530201342282,0.4427625606096839,64,87,0.8918918918918919,0.5409836065573771,49,1.0,1.0,1.0,1.0,0.7058823529411765,0.020833333333333332
SWPP,2023,sentinel_v3_profile_neighbors,8759,3.5418562000850216,33,31,52,8639,0.515625,0.38823529411764707,0.4429530201342282,0.4427625606096839,64,87,0.8918918918918919,0.5409836065573771,49,1.0,1.0,1.0,1.0,0.7058823529411765,0.020833333333333332
SWPP,2023,sentinel_v3_profile_weather,8759,1.6149478999432176,33,31,52,8639,0.515625,0.38823529411764707,0.4429530201342282,0.4427625606096839,64,87,0.8918918918918919,0.5409836065573771,49,1.0,1.0,1.0,1.0,0.7058823529411765,0.020833333333333332
SWPP,2023,sentinel_v3_regime_only,8759,3.6499067000113428,33,31,52,8639,0.515625,0.38823529411764707,0.4429530201342282,0.4427625606096839,64,87,0.8918918918918919,0.5409836065573771,49,1.0,1.0,1.0,1.0,0.7058823529411765,0.020833333333333332
SWPP,2023,sentinel_v3_forgetting,8759,3.657634299946949,33,31,52,8639,0.515625,0.38823529411764707,0.4429530201342282,0.4427625606096839,64,87,0.8918918918918919,0.5409836065573771,49,1.0,1.0,1.0,1.0,0.7058823529411765,0.020833333333333332
SWPP,2023,sentinel_v2,8759,1.4877117000287399,38,31,48,8640,0.5507246376811594,0.4418604651162791,0.4903225806451613,0.4888282555657068,69,87,0.9047619047619048,0.59375,49,1.0,1.0,1.0,1.0,1.0,0.0
SWPP,2023,profile_residual,8759,1.3689860000740737,25,81,62,8591,0.2358490566037736,0.28735632183908044,0.25906735751295334,0.2521463208813601,106,87,0.2604166666666667,0.27322404371584696,49,1.0,1.0,1.0,0.0,1.0,0.0
SWPP,2023,modified_zscore,8759,0.5135029000230134,25,19,62,8653,0.5681818181818182,0.28735632183908044,0.3816793893129771,0.39999632368902277,44,87,0.5813953488372093,0.38461538461538464,49,1.0,1.0,1.0,0.0,1.0,0.0
SWPP,2023,relative_deviation,8759,0.01056219998281449,20,12,73,8652,0.625,0.21505376344086022,0.31999999999999995,0.3629810405519214,32,87,0.6896551724137931,0.3278688524590164,49,1.0,1.0,1.0,0.0,0.35294117647058826,0.0
SWPP,2023,teda_level,8759,0.06741659995168447,8,1,79,8671,0.8888888888888888,0.09195402298850575,0.16666666666666666,0.2842626179274436,9,87,1.0,0.16842105263157897,49,1.0,1.0,1.0,0.0,0.0,0.0
SWPP,2023,teda_level_robust,8759,0.06806000007782131,25,38,62,8634,0.3968253968253968,0.28735632183908044,0.3333333333333333,0.33207514658182175,63,87,0.4032258064516129,0.3355704697986577,49,1.0,1.0,1.0,0.0,1.0,0.0
SWPP,2023,teda_diff,8759,0.06964120001066476,9,9,77,8660,0.5,0.10465116279069768,0.1730769230769231,0.2255955218290547,18,87,0.5294117647058824,0.1747572815533981,49,1.0,1.0,1.0,0.07142857142857142,0.0,0.020833333333333332
SWPP,2023,autoencoder,8759,0.30015550006646663,0,7,87,8665,0.0,0.0,0.0,-0.002832665917828616,7,87,0.0,0.0,49,0.0,0.0,0.0,0.0,0.0,0.0
SWPP,2023,stuck_rule,8759,0.06003030005376786,13,26,71,8646,0.3333333333333333,0.15476190476190477,0.2113821138211382,0.22215265076549845,39,87,1.0,0.2680412371134021,49,0.0,0.0,0.5,1.0,0.0,0.0
SWPP,2023,rolling_zscore,8759,0.02709850005339831,8,1,79,8671,0.8888888888888888,0.09195402298850575,0.16666666666666666,0.2842626179274436,9,87,1.0,0.16842105263157897,49,1.0,1.0,1.0,0.0,0.0,0.0
SWPP,2023,hampel,8759,0.0233130999840796,10,159,76,8512,0.05917159763313609,0.11627906976744186,0.0784313725490196,0.07020431254870085,169,87,0.06060606060606061,0.07968127490039842,49,1.0,1.0,1.0,0.0,0.17647058823529413,0.0
SWPP,2023,iqr,8759,0.010028799995779991,25,597,62,8075,0.04019292604501608,0.28735632183908044,0.07052186177715092,0.08436674983670286,622,87,0.04065040650406504,0.07122507122507123,49,1.0,1.0,1.0,0.0,1.0,0.0
SWPP,2024,sentinel_v3,8782,3.6490247000474483,34,344,39,8364,0.08994708994708994,0.4657534246575342,0.15077605321507762,0.19068716486159476,378,74,0.9714285714285714,0.6296296296296297,419,,1.0,,,,0.4583333333333333
SWPP,2024,sentinel_v3_distance_neighbors,8782,1.7825293000787497,34,344,39,8364,0.08994708994708994,0.4657534246575342,0.15077605321507762,0.19068716486159476,378,74,0.9714285714285714,0.6296296296296297,419,,1.0,,,,0.4583333333333333
SWPP,2024,sentinel_v3_profile_neighbors,8782,3.5295253000222147,34,344,39,8364,0.08994708994708994,0.4657534246575342,0.15077605321507762,0.19068716486159476,378,74,0.9714285714285714,0.6296296296296297,419,,1.0,,,,0.4583333333333333
SWPP,2024,sentinel_v3_profile_weather,8782,1.6070792000973597,34,344,39,8364,0.08994708994708994,0.4657534246575342,0.15077605321507762,0.19068716486159476,378,74,0.9714285714285714,0.6296296296296297,419,,1.0,,,,0.4583333333333333
SWPP,2024,sentinel_v3_regime_only,8782,3.6690410000737756,34,344,39,8364,0.08994708994708994,0.4657534246575342,0.15077605321507762,0.19068716486159476,378,74,0.9714285714285714,0.6296296296296297,419,,1.0,,,,0.4583333333333333
SWPP,2024,sentinel_v3_forgetting,8782,3.6706697000190616,34,351,39,8357,0.08831168831168831,0.4657534246575342,0.14847161572052403,0.18866796277962972,385,74,0.8095238095238095,0.591304347826087,419,,1.0,,,,0.4583333333333333
SWPP,2024,sentinel_v2,8782,1.5025860000168905,34,345,39,8363,0.08970976253298153,0.4657534246575342,0.15044247787610618,0.1903954561966365,379,74,0.918918918918919,0.6181818181818182,419,,1.0,,,,0.4583333333333333
SWPP,2024,profile_residual,8782,1.3739760000025854,2,165,72,8543,0.011976047904191617,0.02702702702702703,0.016597510373443987,0.005406836255096793,167,74,0.011976047904191617,0.016597510373443987,419,,1.0,,,,0.0
SWPP,2024,modified_zscore,8782,0.522506200009957,1,1,73,8707,0.5,0.013513513513513514,0.026315789473684213,0.08116610741964073,2,74,0.5,0.026315789473684213,419,,0.5,,,,0.0
SWPP,2024,relative_deviation,8782,0.009516000049188733,4,3,72,8703,0.5714285714285714,0.05263157894736842,0.0963855421686747,0.17160786108351087,7,74,0.5714285714285714,0.0963855421686747,419,,1.0,,,,0.0
SWPP,2024,teda_level,8782,0.06965640000998974,1,10,73,8698,0.09090909090909091,0.013513513513513514,0.023529411764705885,0.03195606951947789,11,74,0.09090909090909091,0.023529411764705885,419,,0.5,,,,0.0
SWPP,2024,teda_level_robust,8782,0.07281719997990876,1,12,73,8696,0.07692307692307693,0.013513513513513514,0.022988505747126436,0.02885260112268814,13,74,0.07692307692307693,0.022988505747126436,419,,0.5,,,,0.0
SWPP,2024,teda_diff,8782,0.06906450004316866,3,25,70,8683,0.10714285714285714,0.0410958904109589,0.0594059405940594,0.06156165417172532,28,74,0.13636363636363635,0.0631578947368421,419,,1.0,,,,0.027777777777777776
SWPP,2024,autoencoder,8782,0.30338210007175803,6,4,72,8700,0.6,0.07692307692307693,0.13636363636363635,0.2127216569229088,10,74,0.6,0.13636363636363635,419,,1.0,,,,0.0
SWPP,2024,stuck_rule,8782,0.05928960000164807,32,341,41,8367,0.08579088471849866,0.4383561643835616,0.14349775784753363,0.17972433786078734,373,74,1.0,0.6095238095238095,419,,0.0,,,,0.4583333333333333
SWPP,2024,rolling_zscore,8782,0.027048499905504286,2,1,72,8707,0.6666666666666666,0.02702702702702703,0.051948051948051945,0.13311927999179377,3,74,0.6666666666666666,0.051948051948051945,419,,1.0,,,,0.0
SWPP,2024,hampel,8782,0.02515449991915375,4,222,66,8485,0.017699115044247787,0.05714285714285714,0.02702702702702703,0.017772201653210237,226,74,0.018604651162790697,0.028070175438596495,419,,0.5,,,,0.09722222222222222
SWPP,2024,iqr,8782,0.008830000064335763,2,502,72,8206,0.003968253968253968,0.02702702702702703,0.006920415224913495,-0.012034223071130149,504,74,0.003968253968253968,0.006920415224913495,419,,1.0,,,,0.0
NYIS,2023,sentinel_v3,8759,3.4235091999871656,39,1,48,8669,0.975,0.4482758620689655,0.6141732283464567,0.6591575844273705,40,87,0.975,0.6141732283464567,0,1.0,1.0,1.0,1.0,1.0,0.0
NYIS,2023,sentinel_v3_distance_neighbors,8759,3.4010707000270486,39,1,48,8669,0.975,0.4482758620689655,0.6141732283464567,0.6591575844273705,40,87,0.975,0.6141732283464567,0,1.0,1.0,1.0,1.0,1.0,0.0
NYIS,2023,sentinel_v3_profile_neighbors,8759,3.270441300002858,37,0,49,8671,1.0,0.43023255813953487,0.6016260162601627,0.6540756584140751,37,87,1.0,0.6016260162601627,0,0.5,1.0,1.0,1.0,1.0,0.0
NYIS,2023,sentinel_v3_profile_weather,8759,1.60191280010622,38,1,48,8670,0.9743589743589743,0.4418604651162791,0.6080000000000001,0.6542065096711728,39,87,0.9743589743589743,0.6080000000000001,0,1.0,1.0,1.0,1.0,1.0,0.0
NYIS,2023,sentinel_v3_regime_only,8759,3.513345100102015,39,3,48,8667,0.9285714285714286,0.4482758620689655,0.6046511627906977,0.6430145948418046,42,87,0.9285714285714286,0.6046511627906977,0,1.0,1.0,1.0,1.0,1.0,0.0
NYIS,2023,sentinel_v3_forgetting,8759,3.402050800039433,39,0,48,8670,1.0,0.4482758620689655,0.6190476190476191,0.667688342289439,39,87,1.0,0.6190476190476191,0,1.0,1.0,1.0,1.0,1.0,0.0
NYIS,2023,sentinel_v2,8759,1.5000520000467077,39,3,48,8667,0.9285714285714286,0.4482758620689655,0.6046511627906977,0.6430145948418046,42,87,0.9285714285714286,0.6046511627906977,0,1.0,1.0,1.0,1.0,1.0,0.0
NYIS,2023,profile_residual,8759,1.3509370000101626,25,85,62,8587,0.22727272727272727,0.28735632183908044,0.25380710659898476,0.2471658667711868,110,87,0.22727272727272727,0.25380710659898476,0,1.0,1.0,1.0,0.0,1.0,0.0
NYIS,2023,modified_zscore,8759,0.5093175999354571,25,11,62,8661,0.6944444444444444,0.28735632183908044,0.40650406504065034,0.44343964825842713,36,87,0.6944444444444444,0.40650406504065034,0,1.0,1.0,1.0,0.0,1.0,0.0
NYIS,2023,relative_deviation,8759,0.006954400101676583,21,8,73,8655,0.7241379310344828,0.22340425531914893,0.3414634146341463,0.39905635351032104,29,87,0.7241379310344828,0.3414634146341463,0,1.0,1.0,1.0,0.0,0.35294117647058826,0.0
NYIS,2023,teda_level,8759,0.06165079993661493,24,33,63,8639,0.42105263157894735,0.27586206896551724,0.3333333333333333,0.3355303028323724,57,87,0.42105263157894735,0.3333333333333333,0,0.5,1.0,1.0,0.0,1.0,0.0
NYIS,2023,teda_level_robust,8759,0.061783599900081754,24,50,63,8622,0.32432432432432434,0.27586206896551724,0.2981366459627329,0.2926424090830201,74,87,0.32432432432432434,0.2981366459627329,0,0.5,1.0,1.0,0.0,1.0,0.0
NYIS,2023,teda_diff,8759,0.06373140006326139,10,0,75,8669,1.0,0.11764705882352941,0.21052631578947367,0.34152300582993456,10,87,1.0,0.21052631578947367,0,1.0,1.0,1.0,0.07142857142857142,0.17647058823529413,0.0
NYIS,2023,autoencoder,8759,0.3052229000022635,23,6,73,8655,0.7931034482758621,0.23958333333333334,0.36800000000000005,0.43297446039751397,29,87,0.7931034482758621,0.36800000000000005,0,1.0,1.0,1.0,0.0,0.35294117647058826,0.0
NYIS,2023,stuck_rule,8759,0.05265329999383539,13,0,71,8672,1.0,0.15476190476190477,0.2680412371134021,0.39179729072415126,13,87,1.0,0.2680412371134021,0,0.0,0.0,0.5,1.0,0.0,0.0
NYIS,2023,rolling_zscore,8759,0.023583099944517016,8,0,79,8672,1.0,0.09195402298850575,0.16842105263157897,0.30186736225452726,8,87,1.0,0.16842105263157897,0,1.0,1.0,1.0,0.0,0.0,0.0
NYIS,2023,hampel,8759,0.02052889997139573,10,45,76,8626,0.18181818181818182,0.11627906976744186,0.14184397163120568,0.13866453105373705,55,87,0.18181818181818182,0.14184397163120568,0,1.0,1.0,1.0,0.0,0.17647058823529413,0.0
NYIS,2023,iqr,8759,0.0062185999704524875,24,261,63,8411,0.08421052631578947,0.27586206896551724,0.12903225806451613,0.13736402193306493,285,87,0.08421052631578947,0.12903225806451613,0,0.5,1.0,1.0,0.0,1.0,0.0
NYIS,2024,sentinel_v3,8780,3.420014400035143,2,22,72,8684,0.08333333333333333,0.02702702702702703,0.04081632653061225,0.04289763835982033,24,74,0.08333333333333333,0.04081632653061225,0,,1.0,,,,0.0
NYIS,2024,sentinel_v3_distance_neighbors,8780,3.418213399942033,2,22,72,8684,0.08333333333333333,0.02702702702702703,0.04081632653061225,0.04289763835982033,24,74,0.08333333333333333,0.04081632653061225,0,,1.0,,,,0.0
NYIS,2024,sentinel_v3_profile_neighbors,8780,3.317809500033036,2,22,72,8684,0.08333333333333333,0.02702702702702703,0.04081632653061225,0.04289763835982033,24,74,0.08333333333333333,0.04081632653061225,0,,1.0,,,,0.0
NYIS,2024,sentinel_v3_profile_weather,8780,1.615622999961488,2,22,72,8684,0.08333333333333333,0.02702702702702703,0.04081632653061225,0.04289763835982033,24,74,0.08333333333333333,0.04081632653061225,0,,1.0,,,,0.0
NYIS,2024,sentinel_v3_regime_only,8780,3.4300498999655247,2,22,72,8684,0.08333333333333333,0.02702702702702703,0.04081632653061225,0.04289763835982033,24,74,0.08333333333333333,0.04081632653061225,0,,1.0,,,,0.0
NYIS,2024,sentinel_v3_forgetting,8780,3.4108946999767795,2,0,72,8706,1.0,0.02702702702702703,0.052631578947368425,0.16372337217030522,2,74,1.0,0.052631578947368425,0,,1.0,,,,0.0
NYIS,2024,sentinel_v2,8780,1.5243873000144958,2,6,72,8700,0.25,0.02702702702702703,0.04878048780487805,0.07980151920727042,8,74,0.25,0.04878048780487805,0,,1.0,,,,0.0
NYIS,2024,profile_residual,8780,1.3605161999585107,1,65,73,8641,0.015151515151515152,0.013513513513513514,0.014285714285714285,0.0064004868752788715,66,74,0.015151515151515152,0.014285714285714285,0,,0.5,,,,0.0
NYIS,2024,modified_zscore,8780,0.5192895999643952,1,6,73,8700,0.14285714285714285,0.013513513513513514,0.02469135802469136,0.04153717102463834,7,74,0.14285714285714285,0.02469135802469136,0,,0.5,,,,0.0
NYIS,2024,relative_deviation,8780,0.006938100093975663,4,2,72,8702,0.6666666666666666,0.05263157894736842,0.09756097560975609,0.18575392468557606,6,74,0.6666666666666666,0.09756097560975609,0,,1.0,,,,0.0
NYIS,2024,teda_level,8780,0.06110920000355691,1,39,73,8667,0.025,0.013513513513513514,0.017543859649122806,0.01226343352786265,40,74,0.025,0.017543859649122806,0,,0.5,,,,0.0
NYIS,2024,teda_level_robust,8780,0.061019400018267334,1,41,73,8665,0.023809523809523808,0.013513513513513514,0.017241379310344827,0.011664882419318795,42,74,0.023809523809523808,0.017241379310344827,0,,0.5,,,,0.0
NYIS,2024,teda_diff,8780,0.0611299000447616,2,0,72,8706,1.0,0.02702702702702703,0.052631578947368425,0.16372337217030522,2,74,1.0,0.052631578947368425,0,,1.0,,,,0.0
NYIS,2024,autoencoder,8780,0.2974962000735104,6,1,72,8701,0.8571428571428571,0.07692307692307693,0.1411764705882353,0.2553530926593016,7,74,0.8571428571428571,0.1411764705882353,0,,1.0,,,,0.0
NYIS,2024,stuck_rule,8780,0.05122799996752292,0,0,74,8706,0.0,0.0,0.0,0.0,0,74,0.0,0.0,0,,0.0,,,,0.0
NYIS,2024,rolling_zscore,8780,0.022091299993917346,2,0,72,8706,1.0,0.02702702702702703,0.052631578947368425,0.16372337217030522,2,74,1.0,0.052631578947368425,0,,1.0,,,,0.0
NYIS,2024,hampel,8780,0.020692999940365553,10,42,60,8664,0.19230769230769232,0.14285714285714285,0.16393442622950818,0.15998579079620695,52,74,0.19230769230769232,0.16393442622950818,0,,0.5,,,,0.18055555555555555
NYIS,2024,iqr,8780,0.007632899913005531,2,325,72,8381,0.0061162079510703364,0.02702702702702703,0.00997506234413965,-0.004974308841813476,327,74,0.0061162079510703364,0.00997506234413965,0,,1.0,,,,0.0
ISNE,2023,sentinel_v3,8759,1.7662616000743583,38,3,48,8668,0.926829268292683,0.4418604651162791,0.5984251968503937,0.6377907776655624,41,87,0.926829268292683,0.5984251968503937,0,1.0,1.0,1.0,1.0,1.0,0.0
ISNE,2023,sentinel_v3_distance_neighbors,8759,1.7636550000170246,38,3,48,8668,0.926829268292683,0.4418604651162791,0.5984251968503937,0.6377907776655624,41,87,0.926829268292683,0.5984251968503937,0,1.0,1.0,1.0,1.0,1.0,0.0
ISNE,2023,sentinel_v3_profile_neighbors,8759,1.6264469000743702,39,3,48,8667,0.9285714285714286,0.4482758620689655,0.6046511627906977,0.6430145948418046,42,87,0.9285714285714286,0.6046511627906977,0,1.0,1.0,1.0,1.0,1.0,0.0
ISNE,2023,sentinel_v3_profile_weather,8759,1.580897600040771,38,3,48,8668,0.926829268292683,0.4418604651162791,0.5984251968503937,0.6377907776655624,41,87,0.926829268292683,0.5984251968503937,0,1.0,1.0,1.0,1.0,1.0,0.0
ISNE,2023,sentinel_v3_regime_only,8759,1.8067829000065103,39,3,48,8667,0.9285714285714286,0.4482758620689655,0.6046511627906977,0.6430145948418046,42,87,0.9285714285714286,0.6046511627906977,0,1.0,1.0,1.0,1.0,1.0,0.0
ISNE,2023,sentinel_v3_forgetting,8759,1.7810627000872046,38,1,48,8670,0.9743589743589743,0.4418604651162791,0.6080000000000001,0.6542065096711728,39,87,0.9743589743589743,0.6080000000000001,0,1.0,1.0,1.0,1.0,1.0,0.0
ISNE,2023,sentinel_v2,8759,1.5048050000332296,39,0,48,8670,1.0,0.4482758620689655,0.6190476190476191,0.667688342289439,39,87,1.0,0.6190476190476191,0,1.0,1.0,1.0,1.0,1.0,0.0
ISNE,2023,profile_residual,8759,1.35777609993238,27,59,58,8613,0.313953488372093,0.3176470588235294,0.3157894736842105,0.3090488582743227,86,87,0.313953488372093,0.3157894736842105,0,1.0,1.0,1.0,0.0,1.0,0.08333333333333333
ISNE,2023,modified_zscore,8759,0.5135596999898553,23,33,64,8639,0.4107142857142857,0.26436781609195403,0.3216783216783217,0.32419223663305347,56,87,0.4107142857142857,0.3216783216783217,0,0.5,0.5,1.0,0.0,1.0,0.0
ISNE,2023,relative_deviation,8759,0.0060671999817714095,20,9,73,8655,0.6896551724137931,0.21505376344086022,0.3278688524590164,0.38184622888572156,29,87,0.6896551724137931,0.3278688524590164,0,1.0,1.0,1.0,0.0,0.35294117647058826,0.0
ISNE,2023,teda_level,8759,0.05784510006196797,23,12,64,8660,0.6571428571428571,0.26436781609195403,0.3770491803278689,0.41338700788417143,35,87,0.6571428571428571,0.3770491803278689,0,0.5,0.5,1.0,0.0,1.0,0.0
ISNE,2023,teda_level_robust,8759,0.058223300031386316,24,14,63,8658,0.631578947368421,0.27586206896551724,0.384,0.4137969433205318,38,87,0.631578947368421,0.384,0,0.5,1.0,1.0,0.0,1.0,0.0
ISNE,2023,teda_diff,8759,0.057723999954760075,10,1,75,8668,0.9090909090909091,0.11764705882352941,0.20833333333333334,0.3253287315819747,11,87,0.9090909090909091,0.20833333333333334,0,1.0,1.0,1.0,0.07142857142857142,0.17647058823529413,0.0
ISNE,2023,autoencoder,8759,0.2941287000430748,21,2,75,8659,0.9130434782608695,0.21875,0.3529411764705882,0.4445682948222597,23,87,0.9130434782608695,0.3529411764705882,0,1.0,1.0,1.0,0.0,0.23529411764705882,0.0
ISNE,2023,stuck_rule,8759,0.04887479997705668,13,0,71,8672,1.0,0.15476190476190477,0.2680412371134021,0.39179729072415126,13,87,1.0,0.2680412371134021,0,0.0,0.0,0.5,1.0,0.0,0.0
ISNE,2023,rolling_zscore,8759,0.021077599958516657,8,0,79,8672,1.0,0.09195402298850575,0.16842105263157897,0.30186736225452726,8,87,1.0,0.16842105263157897,0,1.0,1.0,1.0,0.0,0.0,0.0
ISNE,2023,hampel,8759,0.020088399993255734,16,110,68,8560,0.12698412698412698,0.19047619047619047,0.15238095238095237,0.14551680751150126,126,87,0.12698412698412698,0.15238095238095237,0,1.0,1.0,1.0,0.07142857142857142,0.17647058823529413,0.14583333333333334
ISNE,2023,iqr,8759,0.00471000000834465,24,166,63,8506,0.12631578947368421,0.27586206896551724,0.1732851985559567,0.1747580127076036,190,87,0.12631578947368421,0.1732851985559567,0,0.5,1.0,1.0,0.0,1.0,0.0
ISNE,2024,sentinel_v3,8783,1.8019006999675184,2,22,72,8687,0.08333333333333333,0.02702702702702703,0.04081632653061225,0.04289920468829965,24,74,0.08333333333333333,0.04081632653061225,0,,1.0,,,,0.0
ISNE,2024,sentinel_v3_distance_neighbors,8783,1.8241790999891236,2,22,72,8687,0.08333333333333333,0.02702702702702703,0.04081632653061225,0.04289920468829965,24,74,0.08333333333333333,0.04081632653061225,0,,1.0,,,,0.0
ISNE,2024,sentinel_v3_profile_neighbors,8783,1.7086820000549778,2,26,72,8683,0.07142857142857142,0.02702702702702703,0.0392156862745098,0.0389813123110188,28,74,0.07142857142857142,0.0392156862745098,0,,1.0,,,,0.0
ISNE,2024,sentinel_v3_profile_weather,8783,1.6310515999794006,2,22,72,8687,0.08333333333333333,0.02702702702702703,0.04081632653061225,0.04289920468829965,24,74,0.08333333333333333,0.04081632653061225,0,,1.0,,,,0.0
ISNE,2024,sentinel_v3_regime_only,8783,1.8377116000046954,2,26,72,8683,0.07142857142857142,0.02702702702702703,0.0392156862745098,0.0389813123110188,28,74,0.07142857142857142,0.0392156862745098,0,,1.0,,,,0.0
ISNE,2024,sentinel_v3_forgetting,8783,1.823156200000085,2,9,72,8700,0.18181818181818182,0.02702702702702703,0.04705882352941177,0.06717706186578361,11,74,0.18181818181818182,0.04705882352941177,0,,1.0,,,,0.0
ISNE,2024,sentinel_v2,8783,1.5138778999680653,2,24,72,8685,0.07692307692307693,0.02702702702702703,0.04,0.04083456444041578,26,74,0.07692307692307693,0.04,0,,1.0,,,,0.0
ISNE,2024,profile_residual,8783,1.366111799958162,1,61,73,8648,0.016129032258064516,0.013513513513513514,0.014705882352941176,0.007106454373588231,62,74,0.016129032258064516,0.014705882352941176,0,,0.5,,,,0.0
ISNE,2024,modified_zscore,8783,0.5124066000571474,1,52,73,8657,0.018867924528301886,0.013513513513513514,0.015748031496062995,0.008901855889293127,53,74,0.018867924528301886,0.015748031496062995,0,,0.5,,,,0.0
ISNE,2024,relative_deviation,8783,0.006995099945925176,5,2,72,8704,0.7142857142857143,0.06493506493506493,0.11904761904761903,0.21374574543741898,7,74,0.7142857142857143,0.11904761904761903,0,,1.0,,,,0.0
ISNE,2024,teda_level,8783,0.057666199980303645,1,31,73,8678,0.03125,0.013513513513513514,0.018867924528301886,0.015100552044871832,32,74,0.03125,0.018867924528301886,0,,0.5,,,,0.0
ISNE,2024,teda_level_robust,8783,0.058717999956570566,1,36,73,8673,0.02702702702702703,0.013513513513513514,0.01801801801801802,0.01323703452270222,37,74,0.02702702702702703,0.01801801801801802,0,,0.5,,,,0.0
ISNE,2024,teda_diff,8783,0.058747100061737,2,5,72,8704,0.2857142857142857,0.02702702702702703,0.04938271604938272,0.08567933839594173,7,74,0.2857142857142857,0.04938271604938272,0,,1.0,,,,0.0
ISNE,2024,autoencoder,8783,0.2960344000020996,6,0,72,8705,1.0,0.07692307692307693,0.14285714285714288,0.2762101682364108,6,74,1.0,0.14285714285714288,0,,1.0,,,,0.0
ISNE,2024,stuck_rule,8783,0.04840170009993017,0,0,74,8709,0.0,0.0,0.0,0.0,0,74,0.0,0.0,0,,0.0,,,,0.0
ISNE,2024,rolling_zscore,8783,0.022025200072675943,2,2,72,8707,0.5,0.02702702702702703,0.05128205128205129,0.11479945128783563,4,74,0.5,0.05128205128205129,0,,1.0,,,,0.0
ISNE,2024,hampel,8783,0.020323899923823774,2,198,72,8511,0.01,0.02702702702702703,0.014598540145985401,0.002629769090707892,200,74,0.01,0.014598540145985401,0,,1.0,,,,0.0
ISNE,2024,iqr,8783,0.005091200000606477,1,182,73,8527,0.00546448087431694,0.013513513513513514,0.007782101167315175,-0.004725425593620338,183,74,0.00546448087431694,0.007782101167315175,0,,0.5,,,,0.0
TVA,2023,sentinel_v3,8759,3.888603499974124,39,2,48,8668,0.9512195121951219,0.4482758620689655,0.609375,0.6509392317592836,41,87,0.9512195121951219,0.609375,0,1.0,1.0,1.0,1.0,1.0,0.0
TVA,2023,sentinel_v3_distance_neighbors,8759,3.4985492998966947,39,2,48,8668,0.9512195121951219,0.4482758620689655,0.609375,0.6509392317592836,41,87,0.9512195121951219,0.609375,0,1.0,1.0,1.0,1.0,1.0,0.0
TVA,2023,sentinel_v3_profile_neighbors,8759,3.771963399951346,36,1,49,8671,0.972972972972973,0.4235294117647059,0.5901639344262295,0.6399931229080025,37,87,0.972972972972973,0.5901639344262295,0,0.5,1.0,1.0,1.0,1.0,0.0
TVA,2023,sentinel_v3_profile_weather,8759,1.6151068999897689,37,1,48,8671,0.9736842105263158,0.43529411764705883,0.6016260162601627,0.6491001277207695,38,87,0.9736842105263158,0.6016260162601627,0,1.0,1.0,1.0,1.0,1.0,0.0
TVA,2023,sentinel_v3_regime_only,8759,3.803650200017728,39,2,48,8668,0.9512195121951219,0.4482758620689655,0.609375,0.6509392317592836,41,87,0.9512195121951219,0.609375,0,1.0,1.0,1.0,1.0,1.0,0.0
TVA,2023,sentinel_v3_forgetting,8759,3.8354448000900447,39,2,48,8668,0.9512195121951219,0.4482758620689655,0.609375,0.6509392317592836,41,87,0.9512195121951219,0.609375,0,1.0,1.0,1.0,1.0,1.0,0.0
TVA,2023,sentinel_v2,8759,1.5063019000226632,39,2,48,8668,0.9512195121951219,0.4482758620689655,0.609375,0.6509392317592836,41,87,0.9512195121951219,0.609375,0,1.0,1.0,1.0,1.0,1.0,0.0
TVA,2023,profile_residual,8759,1.3823998000007123,36,183,51,8488,0.1643835616438356,0.41379310344827586,0.23529411764705882,0.24941156372313458,219,87,0.1643835616438356,0.23529411764705882,0,1.0,1.0,1.0,0.0,1.0,0.22916666666666666
TVA,2023,modified_zscore,8759,0.513253299985081,25,70,62,8602,0.2631578947368421,0.28735632183908044,0.27472527472527475,0.2673898156011186,95,87,0.2631578947368421,0.27472527472527475,0,1.0,1.0,1.0,0.0,1.0,0.0
TVA,2023,relative_deviation,8759,0.012922899913974106,19,8,73,8657,0.7037037037037037,0.20652173913043478,0.31932773109243695,0.3781021115049402,27,87,0.7037037037037037,0.31932773109243695,0,1.0,1.0,1.0,0.0,0.35294117647058826,0.0
TVA,2023,teda_level,8759,0.07438010000623763,23,0,64,8672,1.0,0.26436781609195403,0.4181818181818182,0.5122802509706028,23,87,1.0,0.4181818181818182,0,0.5,0.5,1.0,0.0,1.0,0.0
TVA,2023,teda_level_robust,8759,0.07497449999209493,23,0,64,8672,1.0,0.26436781609195403,0.4181818181818182,0.5122802509706028,23,87,1.0,0.4181818181818182,0,0.5,0.5,1.0,0.0,1.0,0.0
TVA,2023,teda_diff,8759,0.07424049999099225,10,6,75,8663,0.625,0.11764705882352941,0.19801980198019803,0.2685013748975047,16,87,0.625,0.19801980198019803,0,1.0,1.0,1.0,0.0,0.17647058823529413,0.020833333333333332
TVA,2023,autoencoder,8759,0.29946580005344003,22,4,74,8657,0.8461538461538461,0.22916666666666666,0.360655737704918,0.4376997485368206,26,87,0.8461538461538461,0.360655737704918,0,1.0,1.0,1.0,0.0,0.29411764705882354,0.0
TVA,2023,stuck_rule,8759,0.06333369994536042,13,0,71,8672,1.0,0.15476190476190477,0.2680412371134021,0.39179729072415126,13,87,1.0,0.2680412371134021,0,0.0,0.0,0.5,1.0,0.0,0.0
TVA,2023,rolling_zscore,8759,0.027213399996981025,8,3,79,8669,0.7272727272727273,0.09195402298850575,0.163265306122449,0.25650883114056866,11,87,0.7272727272727273,0.163265306122449,0,1.0,1.0,1.0,0.0,0.0,0.0
TVA,2023,hampel,8759,0.028471200028434396,12,222,77,8446,0.05128205128205128,0.1348314606741573,0.07430340557275542,0.06792857727817582,234,87,0.05128205128205128,0.07430340557275542,0,1.0,0.5,1.0,0.0,0.17647058823529413,0.0
TVA,2023,iqr,8759,0.012560099945403636,24,176,63,8496,0.12,0.27586206896551724,0.1672473867595819,0.16966696731373299,200,87,0.12,0.1672473867595819,0,0.5,1.0,1.0,0.0,1.0,0.0
TVA,2024,sentinel_v3,8783,4.03167910000775,2,6,72,8703,0.25,0.02702702702702703,0.04878048780487805,0.0798023419329914,8,74,0.2857142857142857,0.04938271604938272,3,,1.0,,,,0.0
TVA,2024,sentinel_v3_distance_neighbors,8783,3.555462999967858,2,6,72,8703,0.25,0.02702702702702703,0.04878048780487805,0.0798023419329914,8,74,0.2857142857142857,0.04938271604938272,3,,1.0,,,,0.0
TVA,2024,sentinel_v3_profile_neighbors,8783,3.8281557000009343,2,5,72,8704,0.2857142857142857,0.02702702702702703,0.04938271604938272,0.08567933839594173,7,74,0.3333333333333333,0.05,3,,1.0,,,,0.0
TVA,2024,sentinel_v3_profile_weather,8783,1.6131618999643251,2,6,72,8703,0.25,0.02702702702702703,0.04878048780487805,0.0798023419329914,8,74,0.2857142857142857,0.04938271604938272,3,,1.0,,,,0.0
TVA,2024,sentinel_v3_regime_only,8783,3.8040062999352813,2,6,72,8703,0.25,0.02702702702702703,0.04878048780487805,0.0798023419329914,8,74,0.2857142857142857,0.04938271604938272,3,,1.0,,,,0.0
TVA,2024,sentinel_v3_forgetting,8783,3.831266099936329,2,5,72,8704,0.2857142857142857,0.02702702702702703,0.04938271604938272,0.08567933839594173,7,74,0.3333333333333333,0.05,3,,1.0,,,,0.0
TVA,2024,sentinel_v2,8783,1.490094600012526,2,4,72,8705,0.3333333333333333,0.02702702702702703,0.05,0.092940673052466,6,74,0.4,0.05063291139240506,3,,1.0,,,,0.0
TVA,2024,profile_residual,8783,1.3834570000180975,2,151,72,8558,0.013071895424836602,0.02702702702702703,0.017621145374449337,0.00676880146413151,153,74,0.013157894736842105,0.017699115044247787,3,,1.0,,,,0.0
TVA,2024,modified_zscore,8783,0.5159066999331117,1,69,73,8640,0.014285714285714285,0.013513513513513514,0.01388888888888889,0.005746870091199072,70,74,0.014492753623188406,0.013986013986013986,3,,0.5,,,,0.0
TVA,2024,relative_deviation,8783,0.010730299982242286,4,7,72,8700,0.36363636363636365,0.05263157894736842,0.09195402298850575,0.13572403048489112,11,74,0.5,0.09523809523809525,3,,1.0,,,,0.0
TVA,2024,teda_level,8783,0.07347419997677207,0,1,74,8708,0.0,0.0,0.0,-0.0009836373207711333,1,74,0.0,0.0,3,,0.0,,,,0.0
TVA,2024,teda_level_robust,8783,0.07302429992705584,0,1,74,8708,0.0,0.0,0.0,-0.0009836373207711333,1,74,0.0,0.0,3,,0.0,,,,0.0
TVA,2024,teda_diff,8783,0.07644850003998727,4,10,67,8699,0.2857142857142857,0.056338028169014086,0.09411764705882353,0.12388174545675909,14,74,0.3076923076923077,0.09523809523809525,3,,1.0,,,,0.06944444444444445
TVA,2024,autoencoder,8783,0.30515650007873774,0,7,74,8702,0.0,0.0,0.0,-0.0026033492074787547,7,74,0.0,0.0,3,,0.0,,,,0.0
TVA,2024,stuck_rule,8783,0.0643487999914214,0,0,74,8709,0.0,0.0,0.0,0.0,0,74,0.0,0.0,3,,0.0,,,,0.0
TVA,2024,rolling_zscore,8783,0.027405899949371815,1,9,73,8700,0.1,0.013513513513513514,0.023809523809523808,0.03382548239257811,10,74,0.1111111111111111,0.024096385542168676,3,,0.5,,,,0.0
TVA,2024,hampel,8783,0.0246833999408409,5,206,65,8503,0.023696682464454975,0.07142857142857142,0.03558718861209965,0.027742897172370804,211,74,0.023809523809523808,0.03571428571428571,3,,0.5,,,,0.1111111111111111
TVA,2024,iqr,8783,0.011192400008440018,1,293,73,8416,0.003401360544217687,0.013513513513513514,0.005434782608695652,-0.01022912488755933,294,74,0.0034129692832764505,0.005449591280653952,3,,0.5,,,,0.0
DUK,2023,sentinel_v3,8759,3.773256899905391,40,3,47,8666,0.9302325581395349,0.45977011494252873,0.6153846153846154,0.6518381473590876,43,87,0.9302325581395349,0.6153846153846154,0,1.0,1.0,1.0,1.0,1.0,0.020833333333333332
DUK,2023,sentinel_v3_distance_neighbors,8759,3.6275455000577495,40,5,47,8664,0.8888888888888888,0.45977011494252873,0.6060606060606061,0.6369413607211515,45,87,0.8888888888888888,0.6060606060606061,0,1.0,1.0,1.0,1.0,1.0,0.020833333333333332
DUK,2023,sentinel_v3_profile_neighbors,8759,3.680407900013961,38,2,48,8668,0.95,0.4418604651162791,0.6031746031746031,0.6458453298535715,40,87,0.95,0.6031746031746031,0,0.5,1.0,1.0,1.0,1.0,0.020833333333333332
DUK,2023,sentinel_v3_profile_weather,8759,1.609186299960129,39,2,47,8668,0.9512195121951219,0.45348837209302323,0.6141732283464567,0.6547542602365454,41,87,0.9512195121951219,0.6141732283464567,0,1.0,1.0,1.0,1.0,1.0,0.020833333333333332
DUK,2023,sentinel_v3_regime_only,8759,3.792976400000043,40,6,47,8663,0.8695652173913043,0.45977011494252873,0.6015037593984962,0.629857941260459,46,87,0.8695652173913043,0.6015037593984962,0,1.0,1.0,1.0,1.0,1.0,0.020833333333333332
DUK,2023,sentinel_v3_forgetting,8759,3.7865502999629825,40,4,47,8665,0.9090909090909091,0.45977011494252873,0.6106870229007634,0.6442635013828629,44,87,0.9090909090909091,0.6106870229007634,0,1.0,1.0,1.0,1.0,1.0,0.020833333333333332
DUK,2023,sentinel_v2,8759,1.4785827999003232,39,5,48,8665,0.8863636363636364,0.4482758620689655,0.5954198473282443,0.6279792012656191,44,87,0.8863636363636364,0.5954198473282443,0,1.0,1.0,1.0,1.0,1.0,0.0
DUK,2023,profile_residual,8759,1.372878500027582,25,144,62,8528,0.14792899408284024,0.28735632183908044,0.1953125,0.19518644128269844,169,87,0.14792899408284024,0.1953125,0,1.0,1.0,1.0,0.0,1.0,0.0
DUK,2023,modified_zscore,8759,0.5145631999475881,25,45,62,8627,0.35714285714285715,0.28735632183908044,0.3184713375796178,0.31426200888058564,70,87,0.35714285714285715,0.3184713375796178,0,1.0,1.0,1.0,0.0,1.0,0.0
DUK,2023,relative_deviation,8759,0.011135100037790835,21,8,73,8655,0.7241379310344828,0.22340425531914893,0.3414634146341463,0.39905635351032104,29,87,0.7241379310344828,0.3414634146341463,0,1.0,1.0,1.0,0.0,0.35294117647058826,0.0
DUK,2023,teda_level,8759,0.07296600006520748,23,8,64,8664,0.7419354838709677,0.26436781609195403,0.3898305084745763,0.4399177763564264,31,87,0.7419354838709677,0.3898305084745763,0,0.5,0.5,1.0,0.0,1.0,0.0
DUK,2023,teda_level_robust,8759,0.07501999998930842,23,9,64,8663,0.71875,0.26436781609195403,0.3865546218487395,0.43282477477279613,32,87,0.71875,0.3865546218487395,0,0.5,0.5,1.0,0.0,1.0,0.0
DUK,2023,teda_diff,8759,0.07463389995973557,10,9,75,8660,0.5263157894736842,0.11764705882352941,0.1923076923076923,0.24570688230726076,19,87,0.5263157894736842,0.1923076923076923,0,1.0,1.0,1.0,0.0,0.17647058823529413,0.020833333333333332
DUK,2023,autoencoder,8759,0.30068550002761185,21,3,75,8658,0.875,0.21875,0.35,0.43500286438180136,24,87,0.875,0.35,0,1.0,1.0,1.0,0.0,0.23529411764705882,0.0
DUK,2023,stuck_rule,8759,0.06448020006064326,13,0,71,8672,1.0,0.15476190476190477,0.2680412371134021,0.39179729072415126,13,87,1.0,0.2680412371134021,0,0.0,0.0,0.5,1.0,0.0,0.0
DUK,2023,rolling_zscore,8759,0.027631700038909912,8,14,79,8658,0.36363636363636365,0.09195402298850575,0.14678899082568808,0.1789802329572802,22,87,0.36363636363636365,0.14678899082568808,0,1.0,1.0,1.0,0.0,0.0,0.0
DUK,2023,hampel,8759,0.024872599984519184,12,198,77,8470,0.05714285714285714,0.1348314606741573,0.0802675585284281,0.07341970380330733,210,87,0.05714285714285714,0.0802675585284281,0,1.0,0.5,1.0,0.0,0.17647058823529413,0.0
DUK,2023,iqr,8759,0.011313199996948242,24,391,63,8281,0.05783132530120482,0.27586206896551724,0.09561752988047809,0.10771985320528636,415,87,0.05783132530120482,0.09561752988047809,0,0.5,1.0,1.0,0.0,1.0,0.0
DUK,2024,sentinel_v3,8783,3.803237499902025,2,0,72,8709,1.0,0.02702702702702703,0.052631578947368425,0.16372360346809878,2,74,1.0,0.052631578947368425,0,,1.0,,,,0.0
DUK,2024,sentinel_v3_distance_neighbors,8783,3.785387200070545,2,0,72,8709,1.0,0.02702702702702703,0.052631578947368425,0.16372360346809878,2,74,1.0,0.052631578947368425,0,,1.0,,,,0.0
DUK,2024,sentinel_v3_profile_neighbors,8783,4.0056265000021085,2,0,72,8709,1.0,0.02702702702702703,0.052631578947368425,0.16372360346809878,2,74,1.0,0.052631578947368425,0,,1.0,,,,0.0
DUK,2024,sentinel_v3_profile_weather,8783,1.6150534999324009,2,0,72,8709,1.0,0.02702702702702703,0.052631578947368425,0.16372360346809878,2,74,1.0,0.052631578947368425,0,,1.0,,,,0.0
DUK,2024,sentinel_v3_regime_only,8783,3.848185500013642,2,0,72,8709,1.0,0.02702702702702703,0.052631578947368425,0.16372360346809878,2,74,1.0,0.052631578947368425,0,,1.0,,,,0.0
DUK,2024,sentinel_v3_forgetting,8783,3.85903849999886,2,0,72,8709,1.0,0.02702702702702703,0.052631578947368425,0.16372360346809878,2,74,1.0,0.052631578947368425,0,,1.0,,,,0.0
DUK,2024,sentinel_v2,8783,1.5123623999534175,2,3,72,8706,0.4,0.02702702702702703,0.05063291139240506,0.10224560307723868,5,74,0.4,0.05063291139240506,0,,1.0,,,,0.0
DUK,2024,profile_residual,8783,1.4172265001107007,2,169,72,8540,0.011695906432748537,0.02702702702702703,0.0163265306122449,0.0050420632250670495,171,74,0.011695906432748537,0.0163265306122449,0,,1.0,,,,0.0
DUK,2024,modified_zscore,8783,0.5225344999926165,1,38,73,8671,0.02564102564102564,0.013513513513513514,0.017699115044247787,0.012578931283430773,39,74,0.02564102564102564,0.017699115044247787,0,,0.5,,,,0.0
DUK,2024,relative_deviation,8783,0.011461500078439713,4,2,72,8705,0.6666666666666666,0.05263157894736842,0.09756097560975609,0.18575446063645673,6,74,0.6666666666666666,0.09756097560975609,0,,1.0,,,,0.0
DUK,2024,teda_level,8783,0.07418640004470944,1,3,73,8706,0.25,0.013513513513513514,0.025641025641025644,0.056415920270982106,4,74,0.25,0.025641025641025644,0,,0.5,,,,0.0
DUK,2024,teda_level_robust,8783,0.0769768999889493,1,3,73,8706,0.25,0.013513513513513514,0.025641025641025644,0.056415920270982106,4,74,0.25,0.025641025641025644,0,,0.5,,,,0.0
DUK,2024,teda_diff,8783,0.07473919994663447,2,2,72,8707,0.5,0.02702702702702703,0.05128205128205129,0.11479945128783563,4,74,0.5,0.05128205128205129,0,,1.0,,,,0.0
DUK,2024,autoencoder,8783,0.30406190000940114,6,1,72,8704,0.8571428571428571,0.07692307692307693,0.1411764705882353,0.255353580425782,7,74,0.8571428571428571,0.1411764705882353,0,,1.0,,,,0.0
DUK,2024,stuck_rule,8783,0.06534150009974837,0,0,74,8709,0.0,0.0,0.0,0.0,0,74,0.0,0.0,0,,0.0,,,,0.0
DUK,2024,rolling_zscore,8783,0.029100299929268658,2,13,70,8696,0.13333333333333333,0.027777777777777776,0.04597701149425287,0.05740016669472481,15,74,0.13333333333333333,0.04597701149425287,0,,0.5,,,,0.041666666666666664
DUK,2024,hampel,8783,0.025813600048422813,5,187,65,8522,0.026041666666666668,0.07142857142857142,0.038167938931297704,0.030377644315671016,192,74,0.026041666666666668,0.038167938931297704,0,,0.5,,,,0.1111111111111111
DUK,2024,iqr,8783,0.011856200057081878,1,294,73,8415,0.003389830508474576,0.013513513513513514,0.005420054200542005,-0.010270627157131314,295,74,0.003389830508474576,0.005420054200542005,0,,0.5,,,,0.0
BPAT,2023,sentinel_v3,8759,4.281732500065118,39,0,48,8670,1.0,0.4482758620689655,0.6190476190476191,0.667688342289439,39,87,1.0,0.6190476190476191,0,1.0,1.0,1.0,1.0,1.0,0.0
BPAT,2023,sentinel_v3_distance_neighbors,8759,3.72615829994902,39,0,48,8670,1.0,0.4482758620689655,0.6190476190476191,0.667688342289439,39,87,1.0,0.6190476190476191,0,1.0,1.0,1.0,1.0,1.0,0.0
BPAT,2023,sentinel_v3_profile_neighbors,8759,4.341802000068128,38,0,49,8670,1.0,0.4367816091954023,0.608,0.6590348516020376,38,87,1.0,0.608,0,0.5,1.0,1.0,1.0,1.0,0.0
BPAT,2023,sentinel_v3_profile_weather,8759,1.6531689999392256,39,0,48,8670,1.0,0.4482758620689655,0.6190476190476191,0.667688342289439,39,87,1.0,0.6190476190476191,0,1.0,1.0,1.0,1.0,1.0,0.0
BPAT,2023,sentinel_v3_regime_only,8759,4.310147500014864,39,0,48,8670,1.0,0.4482758620689655,0.6190476190476191,0.667688342289439,39,87,1.0,0.6190476190476191,0,1.0,1.0,1.0,1.0,1.0,0.0
BPAT,2023,sentinel_v3_forgetting,8759,4.323272499954328,39,0,48,8670,1.0,0.4482758620689655,0.6190476190476191,0.667688342289439,39,87,1.0,0.6190476190476191,0,1.0,1.0,1.0,1.0,1.0,0.0
BPAT,2023,sentinel_v2,8759,1.5315298000350595,40,1,48,8668,0.975609756097561,0.45454545454545453,0.6201550387596899,0.663960723167549,41,87,0.975609756097561,0.6201550387596899,0,1.0,1.0,1.0,1.0,1.0,0.0
BPAT,2023,profile_residual,8759,1.4097182999830693,35,172,46,8500,0.16908212560386474,0.43209876543209874,0.24305555555555552,0.25978364169001505,207,87,0.16908212560386474,0.24305555555555552,0,1.0,1.0,1.0,0.21428571428571427,1.0,0.2708333333333333
BPAT,2023,modified_zscore,8759,0.5371179999783635,25,10,62,8662,0.7142857142857143,0.28735632183908044,0.40983606557377056,0.44988537292315556,35,87,0.7142857142857143,0.40983606557377056,0,1.0,1.0,1.0,0.0,1.0,0.0
BPAT,2023,relative_deviation,8759,0.019130200031213462,22,9,73,8653,0.7096774193548387,0.23157894736842105,0.3492063492063492,0.4020949244991629,31,87,0.7096774193548387,0.3492063492063492,0,1.0,1.0,1.0,0.0,0.35294117647058826,0.0
BPAT,2023,teda_level,8759,0.09463469998445362,25,2,62,8670,0.9259259259259259,0.28735632183908044,0.4385964912280702,0.5136325924886471,27,87,0.9259259259259259,0.4385964912280702,0,1.0,1.0,1.0,0.0,1.0,0.0
BPAT,2023,teda_level_robust,8759,0.09401680005248636,25,2,62,8670,0.9259259259259259,0.28735632183908044,0.4385964912280702,0.5136325924886471,27,87,0.9259259259259259,0.4385964912280702,0,1.0,1.0,1.0,0.0,1.0,0.0
BPAT,2023,teda_diff,8759,0.09309069998562336,10,2,75,8667,0.8333333333333334,0.11764705882352941,0.20618556701030927,0.31119063752072407,12,87,0.8333333333333334,0.20618556701030927,0,1.0,1.0,1.0,0.07142857142857142,0.17647058823529413,0.0
BPAT,2023,autoencoder,8759,0.3200342000927776,24,11,73,8649,0.6857142857142857,0.24742268041237114,0.36363636363636365,0.4083259229099059,35,87,0.6857142857142857,0.36363636363636365,0,1.0,1.0,1.0,0.0,0.35294117647058826,0.0
BPAT,2023,stuck_rule,8759,0.08507879998069257,13,0,71,8672,1.0,0.15476190476190477,0.2680412371134021,0.39179729072415126,13,87,1.0,0.2680412371134021,0,0.0,0.0,0.5,1.0,0.0,0.0
BPAT,2023,rolling_zscore,8759,0.04052159993443638,8,1,79,8671,0.8888888888888888,0.09195402298850575,0.16666666666666666,0.2842626179274436,9,87,0.8888888888888888,0.16666666666666666,0,1.0,1.0,1.0,0.0,0.0,0.0
BPAT,2023,hampel,8759,0.033707099966704845,18,229,66,8441,0.0728744939271255,0.21428571428571427,0.10876132930513595,0.11060541711743703,247,87,0.0728744939271255,0.10876132930513595,0,1.0,1.0,1.0,0.07142857142857142,0.17647058823529413,0.1875
BPAT,2023,iqr,8759,0.01742809999268502,25,44,62,8628,0.36231884057971014,0.28735632183908044,0.32051282051282043,0.316642214962812,69,87,0.36231884057971014,0.32051282051282043,0,1.0,1.0,1.0,0.0,1.0,0.0
BPAT,2024,sentinel_v3,8783,4.686606000061147,2,3,72,8706,0.4,0.02702702702702703,0.05063291139240506,0.10224560307723868,5,74,0.4,0.05063291139240506,0,,1.0,,,,0.0
BPAT,2024,sentinel_v3_distance_neighbors,8783,3.6786575000733137,2,3,72,8706,0.4,0.02702702702702703,0.05063291139240506,0.10224560307723868,5,74,0.4,0.05063291139240506,0,,1.0,,,,0.0
BPAT,2024,sentinel_v3_profile_neighbors,8783,4.15236049995292,2,3,72,8706,0.4,0.02702702702702703,0.05063291139240506,0.10224560307723868,5,74,0.4,0.05063291139240506,0,,1.0,,,,0.0
BPAT,2024,sentinel_v3_profile_weather,8783,1.6374882000964135,2,3,72,8706,0.4,0.02702702702702703,0.05063291139240506,0.10224560307723868,5,74,0.4,0.05063291139240506,0,,1.0,,,,0.0
BPAT,2024,sentinel_v3_regime_only,8783,4.342628599959426,2,5,72,8704,0.2857142857142857,0.02702702702702703,0.04938271604938272,0.08567933839594173,7,74,0.2857142857142857,0.04938271604938272,0,,1.0,,,,0.0
BPAT,2024,sentinel_v3_forgetting,8783,4.274267500033602,2,4,72,8705,0.3333333333333333,0.02702702702702703,0.05,0.092940673052466,6,74,0.3333333333333333,0.05,0,,1.0,,,,0.0
BPAT,2024,sentinel_v2,8783,1.5613205999834463,2,6,72,8703,0.25,0.02702702702702703,0.04878048780487805,0.0798023419329914,8,74,0.25,0.04878048780487805,0,,1.0,,,,0.0
BPAT,2024,profile_residual,8783,1.4028227999806404,2,79,72,8630,0.024691358024691357,0.02702702702702703,0.025806451612903226,0.017169449508470817,81,74,0.024691358024691357,0.025806451612903226,0,,1.0,,,,0.0
BPAT,2024,modified_zscore,8783,0.5221895000431687,1,2,73,8707,0.3333333333333333,0.013513513513513514,0.025974025974025972,0.06570775158799677,3,74,0.3333333333333333,0.025974025974025972,0,,0.5,,,,0.0
BPAT,2024,relative_deviation,8783,0.018090499914251268,4,4,72,8703,0.5,0.05263157894736842,0.09523809523809525,0.16018117810608343,8,74,0.5,0.09523809523809525,0,,1.0,,,,0.0
BPAT,2024,teda_level,8783,0.09127600002102554,1,0,73,8709,1.0,0.013513513513513514,0.026666666666666665,0.11576347873778108,1,74,1.0,0.026666666666666665,0,,0.5,,,,0.0
BPAT,2024,teda_level_robust,8783,0.09204849996604025,1,0,73,8709,1.0,0.013513513513513514,0.026666666666666665,0.11576347873778108,1,74,1.0,0.026666666666666665,0,,0.5,,,,0.0
BPAT,2024,teda_diff,8783,0.09309540002141148,2,10,72,8699,0.16666666666666666,0.02702702702702703,0.046511627906976744,0.06403667677413044,12,74,0.16666666666666666,0.046511627906976744,0,,1.0,,,,0.0
BPAT,2024,autoencoder,8783,0.31009539996739477,6,3,72,8702,0.6666666666666666,0.07692307692307693,0.13793103448275862,0.22455264566349914,9,74,0.6666666666666666,0.13793103448275862,0,,1.0,,,,0.0
BPAT,2024,stuck_rule,8783,0.0799317000200972,0,0,74,8709,0.0,0.0,0.0,0.0,0,74,0.0,0.0,0,,0.0,,,,0.0
BPAT,2024,rolling_zscore,8783,0.03302599990274757,2,1,72,8708,0.6666666666666666,0.02702702702702703,0.051948051948051945,0.1331194070251391,3,74,0.6666666666666666,0.051948051948051945,0,,1.0,,,,0.0
BPAT,2024,hampel,8783,0.03263120003975928,2,214,70,8495,0.009259259259259259,0.027777777777777776,0.013888888888888888,0.0018661867633551267,216,74,0.009259259259259259,0.013888888888888888,0,,0.5,,,,0.041666666666666664
BPAT,2024,iqr,8783,0.017686799983493984,2,142,72,8567,0.013888888888888888,0.02702702702702703,0.01834862385321101,0.007717294242105609,144,74,0.013888888888888888,0.01834862385321101,0,,1.0,,,,0.0
