detector,precision,precision_adj,recall,f1,f1_adj,mcc,seconds,recall_spike,recall_dip,recall_zero,recall_stuck,recall_scale,recall_feeder_loss,series
sentinel_v3_forgetting,0.724822431450427,0.7820773344865801,0.25619813913273093,0.32751203176284177,0.35458606188680825,0.37983991559102404,3.4079857400152833,1.0,1.0,1.0,1.0,0.9705882352941178,0.024999999999999998,20
sentinel_v3,0.6306527698454951,0.6953259027998782,0.25683238860418967,0.31990825232405673,0.348782571878167,0.3601891208609974,3.431749554997077,1.0,1.0,1.0,1.0,0.9705882352941178,0.024999999999999998,20
sentinel_v3_profile_weather,0.6363096527865769,0.7009827857409598,0.25489935717188944,0.3198354450969714,0.34870976465108167,0.3610727914443715,1.6200041850097477,1.0,1.0,1.0,1.0,0.9705882352941178,0.024999999999999998,20
sentinel_v3_distance_neighbors,0.6288113854020867,0.6934845183564696,0.25618330138309436,0.31896164493345014,0.3478359644875604,0.3590926283002476,2.675504490005551,1.0,1.0,1.0,1.0,0.9705882352941178,0.024999999999999998,20
sentinel_v2,0.5425563364982411,0.6050519910049086,0.25989395382953623,0.318254048251152,0.3468440318037998,0.34886896018180297,1.510963439999614,1.0,1.0,1.0,1.0,1.0,0.022916666666666665,20
sentinel_v3_regime_only,0.6073104220912684,0.6719835550456514,0.25747392829945837,0.3165469531981041,0.3454212727522144,0.3535087916714427,3.4059595300001093,1.0,1.0,1.0,1.0,0.9705882352941178,0.024999999999999998,20
sentinel_v3_profile_neighbors,0.6347344843018237,0.7000028553514447,0.25148402847571016,0.3162846311690556,0.34515970350847147,0.3578297025639262,3.310107540001627,0.65,1.0,1.0,1.0,0.9705882352941178,0.024999999999999998,20
autoencoder,0.7416336589031491,0.7416336589031491,0.1405661249342214,0.22606287712599019,0.22606287712599019,0.30647176768311574,0.30166609002044426,0.9,0.9,0.9,0.0,0.28823529411764703,0.0,20
relative_deviation,0.6559656800271372,0.6660166204660086,0.13482997438025165,0.21456151037245785,0.21511915660788813,0.28264999979793004,0.010590165009489283,1.0,1.0,1.0,0.0,0.35294117647058826,0.0,20
modified_zscore,0.3665446462191125,0.3672156747187557,0.14928549238894065,0.18370508108184253,0.18385673710181916,0.20255168137870355,0.5177795499796047,0.95,0.725,1.0,0.0,1.0,0.0,20
teda_level_robust,0.3966850800228121,0.39700510050412297,0.13596613855234546,0.17334882612497443,0.17346068294824066,0.19711577771343278,0.07147134999395348,0.8,0.65,1.0,0.0,0.9,0.0,20
teda_level,0.4522810792819847,0.4578366348375402,0.1250465983224604,0.17253386219710592,0.1726215814953515,0.2060721440825925,0.07051472500315867,0.75,0.625,1.0,0.0,0.8,0.0,20
stuck_rule,0.47095621090259165,0.55,0.09929876060013046,0.13836255028446454,0.16449680903289152,0.19640240033628906,0.06123861001105979,0.0,0.0,0.5,1.0,0.0,0.022916666666666665,20
profile_residual,0.11539529066576834,0.11662797113451329,0.1806452418024874,0.13729724815778993,0.13800898095142453,0.13253389656122178,1.3787161399959587,1.0,0.95,1.0,0.10714285714285714,1.0,0.03958333333333333,20
teda_diff,0.481302053209948,0.48533258150518216,0.07585136298244341,0.12720824315673732,0.12753588119666376,0.18108153868691343,0.07139352000667713,1.0,1.0,1.0,0.05714285714285714,0.15882352941176472,0.011805555555555555,20
rolling_zscore,0.6545454545454545,0.6606565656565657,0.0575010355182769,0.10381912491092153,0.10392118729579938,0.18615795547280087,0.02675414498662576,1.0,0.9,1.0,0.0,0.0,0.0020833333333333333,20
iqr,0.05437422235153383,0.05439767681143921,0.15026405716060887,0.07176424862794556,0.07180014953393948,0.06851805595057747,0.009913940000114963,0.75,0.85,1.0,0.0,1.0,0.0,20
hampel,0.05972162252092841,0.059844264542755224,0.09555976285532614,0.0688293166273525,0.06895032402060922,0.06122513385128704,0.024629644997185098,0.95,0.75,1.0,0.014285714285714285,0.17647058823529413,0.04375,20
